CREATE DATABASE  IF NOT EXISTS `showtimedb` /*!40100 DEFAULT CHARACTER SET utf8mb3 */ /*!80016 DEFAULT ENCRYPTION='N' */;
USE `showtimedb`;
-- MySQL dump 10.13  Distrib 8.0.29, for Win64 (x86_64)
--
-- Host: localhost    Database: showtimedb
-- ------------------------------------------------------
-- Server version	8.0.29

/*!40101 SET @OLD_CHARACTER_SET_CLIENT=@@CHARACTER_SET_CLIENT */;
/*!40101 SET @OLD_CHARACTER_SET_RESULTS=@@CHARACTER_SET_RESULTS */;
/*!40101 SET @OLD_COLLATION_CONNECTION=@@COLLATION_CONNECTION */;
/*!50503 SET NAMES utf8 */;
/*!40103 SET @OLD_TIME_ZONE=@@TIME_ZONE */;
/*!40103 SET TIME_ZONE='+00:00' */;
/*!40014 SET @OLD_UNIQUE_CHECKS=@@UNIQUE_CHECKS, UNIQUE_CHECKS=0 */;
/*!40014 SET @OLD_FOREIGN_KEY_CHECKS=@@FOREIGN_KEY_CHECKS, FOREIGN_KEY_CHECKS=0 */;
/*!40101 SET @OLD_SQL_MODE=@@SQL_MODE, SQL_MODE='NO_AUTO_VALUE_ON_ZERO' */;
/*!40111 SET @OLD_SQL_NOTES=@@SQL_NOTES, SQL_NOTES=0 */;

--
-- Table structure for table `admin`
--

DROP TABLE IF EXISTS `admin`;
/*!40101 SET @saved_cs_client     = @@character_set_client */;
/*!50503 SET character_set_client = utf8mb4 */;
CREATE TABLE `admin` (
  `aid` int NOT NULL AUTO_INCREMENT,
  `uid` int NOT NULL,
  `name` varchar(30) NOT NULL,
  `address` varchar(100) NOT NULL,
  PRIMARY KEY (`aid`),
  KEY `uid6_idx` (`uid`),
  CONSTRAINT `uid6` FOREIGN KEY (`uid`) REFERENCES `login_table` (`uid`) ON UPDATE CASCADE
) ENGINE=InnoDB AUTO_INCREMENT=5 DEFAULT CHARSET=utf8mb3;
/*!40101 SET character_set_client = @saved_cs_client */;

--
-- Dumping data for table `admin`
--

LOCK TABLES `admin` WRITE;
/*!40000 ALTER TABLE `admin` DISABLE KEYS */;
INSERT INTO `admin` VALUES (1,1,'vahab maner','head post office'),(2,2,'vyankatesh nakate','ichalkarji'),(3,3,'aditya hande','pune'),(4,4,'sangram desai','shahuwadi');
/*!40000 ALTER TABLE `admin` ENABLE KEYS */;
UNLOCK TABLES;

--
-- Table structure for table `booked_seats`
--

DROP TABLE IF EXISTS `booked_seats`;
/*!40101 SET @saved_cs_client     = @@character_set_client */;
/*!50503 SET character_set_client = utf8mb4 */;
CREATE TABLE `booked_seats` (
  `dummy_bs_id` int NOT NULL AUTO_INCREMENT,
  `bid` int NOT NULL,
  `seatid` varchar(10) NOT NULL,
  PRIMARY KEY (`dummy_bs_id`),
  KEY `uyuthgfrh_idx` (`bid`),
  CONSTRAINT `uyuthgfrh` FOREIGN KEY (`bid`) REFERENCES `booking_master` (`bid`)
) ENGINE=InnoDB DEFAULT CHARSET=utf8mb3;
/*!40101 SET character_set_client = @saved_cs_client */;

--
-- Dumping data for table `booked_seats`
--

LOCK TABLES `booked_seats` WRITE;
/*!40000 ALTER TABLE `booked_seats` DISABLE KEYS */;
/*!40000 ALTER TABLE `booked_seats` ENABLE KEYS */;
UNLOCK TABLES;

--
-- Table structure for table `booking_master`
--

DROP TABLE IF EXISTS `booking_master`;
/*!40101 SET @saved_cs_client     = @@character_set_client */;
/*!50503 SET character_set_client = utf8mb4 */;
CREATE TABLE `booking_master` (
  `bid` int NOT NULL AUTO_INCREMENT,
  `cid` int NOT NULL,
  `mid` int NOT NULL,
  `scnid` int NOT NULL,
  `price_id` int NOT NULL,
  `booking_date` date NOT NULL,
  `show_date` date NOT NULL,
  `booked_seats` int NOT NULL,
  `charges` int NOT NULL,
  `payment_status` tinyint NOT NULL,
  `payment_mode` varchar(15) NOT NULL,
  `booked_status` tinyint NOT NULL,
  `refund_status` tinyint NOT NULL,
  `refund_amount` int NOT NULL,
  PRIMARY KEY (`bid`),
  KEY `csdcscsdcsdccs_idx` (`cid`),
  KEY `dcsdcd_idx` (`mid`),
  KEY `cdcdcdcdcds_idx` (`scnid`),
  KEY `umuuumiu_idx` (`price_id`),
  CONSTRAINT `cdcdcdcdcdsqqq` FOREIGN KEY (`scnid`) REFERENCES `screen_master` (`scnid`),
  CONSTRAINT `csdcscsdcsdccs` FOREIGN KEY (`cid`) REFERENCES `customer` (`cid`),
  CONSTRAINT `qqqqqqss` FOREIGN KEY (`mid`) REFERENCES `movies` (`mid`),
  CONSTRAINT `umuuumiu` FOREIGN KEY (`price_id`) REFERENCES `price_master` (`price_id`)
) ENGINE=InnoDB DEFAULT CHARSET=utf8mb3;
/*!40101 SET character_set_client = @saved_cs_client */;

--
-- Dumping data for table `booking_master`
--

LOCK TABLES `booking_master` WRITE;
/*!40000 ALTER TABLE `booking_master` DISABLE KEYS */;
/*!40000 ALTER TABLE `booking_master` ENABLE KEYS */;
UNLOCK TABLES;

--
-- Table structure for table `city`
--

DROP TABLE IF EXISTS `city`;
/*!40101 SET @saved_cs_client     = @@character_set_client */;
/*!50503 SET character_set_client = utf8mb4 */;
CREATE TABLE `city` (
  `cityid` int NOT NULL AUTO_INCREMENT,
  `city_name` varchar(45) NOT NULL,
  `city_pincode` varchar(45) NOT NULL,
  PRIMARY KEY (`cityid`)
) ENGINE=InnoDB AUTO_INCREMENT=3 DEFAULT CHARSET=utf8mb3;
/*!40101 SET character_set_client = @saved_cs_client */;

--
-- Dumping data for table `city`
--

LOCK TABLES `city` WRITE;
/*!40000 ALTER TABLE `city` DISABLE KEYS */;
INSERT INTO `city` VALUES (1,'Kolhapur','416012'),(2,'Sangli','415015');
/*!40000 ALTER TABLE `city` ENABLE KEYS */;
UNLOCK TABLES;

--
-- Table structure for table `customer`
--

DROP TABLE IF EXISTS `customer`;
/*!40101 SET @saved_cs_client     = @@character_set_client */;
/*!50503 SET character_set_client = utf8mb4 */;
CREATE TABLE `customer` (
  `cid` int NOT NULL AUTO_INCREMENT,
  `uid` int NOT NULL,
  `cname` varchar(45) NOT NULL,
  `caddress` varchar(100) NOT NULL,
  `birthdate` date NOT NULL,
  `gender` varchar(10) NOT NULL,
  `ccontact` varchar(20) NOT NULL,
  `cemail` varchar(30) NOT NULL,
  PRIMARY KEY (`cid`),
  KEY `uid2_idx` (`uid`),
  CONSTRAINT `uid2` FOREIGN KEY (`uid`) REFERENCES `login_table` (`uid`) ON UPDATE CASCADE
) ENGINE=InnoDB AUTO_INCREMENT=4 DEFAULT CHARSET=utf8mb3;
/*!40101 SET character_set_client = @saved_cs_client */;

--
-- Dumping data for table `customer`
--

LOCK TABLES `customer` WRITE;
/*!40000 ALTER TABLE `customer` DISABLE KEYS */;
INSERT INTO `customer` VALUES (1,6,'Ramesh Kale','sangli','1997-01-01','male','7899877899','ramesh@mail.com'),(2,7,'suresh gaytonde','pune','1991-02-02','male','8989878789','suresh@mail.com'),(3,10,'dummy2','dummy2','2022-09-11','dummy2','dummy2','dummy2');
/*!40000 ALTER TABLE `customer` ENABLE KEYS */;
UNLOCK TABLES;

--
-- Table structure for table `login_table`
--

DROP TABLE IF EXISTS `login_table`;
/*!40101 SET @saved_cs_client     = @@character_set_client */;
/*!50503 SET character_set_client = utf8mb4 */;
CREATE TABLE `login_table` (
  `uid` int NOT NULL AUTO_INCREMENT,
  `userid` varchar(45) NOT NULL,
  `pwd` varchar(45) NOT NULL,
  `role` varchar(45) NOT NULL,
  `active_status` tinyint NOT NULL,
  PRIMARY KEY (`uid`),
  UNIQUE KEY `userid_UNIQUE` (`userid`)
) ENGINE=InnoDB AUTO_INCREMENT=11 DEFAULT CHARSET=utf8mb3;
/*!40101 SET character_set_client = @saved_cs_client */;

--
-- Dumping data for table `login_table`
--

LOCK TABLES `login_table` WRITE;
/*!40000 ALTER TABLE `login_table` DISABLE KEYS */;
INSERT INTO `login_table` VALUES (1,'vahab7maner','Admin@123','admin',1),(2,'vyanktesh5549','Admin@123','admin',1),(3,'aditya11','Admin@123','admin',1),(4,'sangram1492','Admin@123','admin',1),(5,'nitin','nititin123','towner',1),(6,'ramesh','ramesh123','customer',1),(7,'rameacach','ramesacasch123','customer',1),(8,'vishakha7755','vishakha@123','towner',0),(9,'dummy','dummy','towner',0),(10,'dummy2','dummy2','customer',1);
/*!40000 ALTER TABLE `login_table` ENABLE KEYS */;
UNLOCK TABLES;

--
-- Table structure for table `movie_feedback`
--

DROP TABLE IF EXISTS `movie_feedback`;
/*!40101 SET @saved_cs_client     = @@character_set_client */;
/*!50503 SET character_set_client = utf8mb4 */;
CREATE TABLE `movie_feedback` (
  `mfid` int NOT NULL AUTO_INCREMENT,
  `cid` int NOT NULL,
  `mid` int NOT NULL,
  `rating` int NOT NULL,
  `comment` varchar(300) NOT NULL,
  PRIMARY KEY (`mfid`),
  KEY `cid_idx` (`cid`),
  KEY `mid_idx` (`mid`),
  CONSTRAINT `cid` FOREIGN KEY (`cid`) REFERENCES `customer` (`cid`) ON UPDATE CASCADE,
  CONSTRAINT `mid` FOREIGN KEY (`mid`) REFERENCES `movies` (`mid`) ON UPDATE CASCADE
) ENGINE=InnoDB AUTO_INCREMENT=5 DEFAULT CHARSET=utf8mb3;
/*!40101 SET character_set_client = @saved_cs_client */;

--
-- Dumping data for table `movie_feedback`
--

LOCK TABLES `movie_feedback` WRITE;
/*!40000 ALTER TABLE `movie_feedback` DISABLE KEYS */;
INSERT INTO `movie_feedback` VALUES (1,1,1,2,'good'),(2,2,2,3,'very good'),(3,3,3,4,'awesome'),(4,2,3,4,'awesome');
/*!40000 ALTER TABLE `movie_feedback` ENABLE KEYS */;
UNLOCK TABLES;

--
-- Table structure for table `movie_time_slots`
--

DROP TABLE IF EXISTS `movie_time_slots`;
/*!40101 SET @saved_cs_client     = @@character_set_client */;
/*!50503 SET character_set_client = utf8mb4 */;
CREATE TABLE `movie_time_slots` (
  `dummy_mts_id` int NOT NULL AUTO_INCREMENT,
  `mid` int NOT NULL,
  `scnid` int NOT NULL,
  `slot_id` int NOT NULL,
  PRIMARY KEY (`dummy_mts_id`),
  KEY `mid224_idx` (`mid`),
  KEY `scnid779_idx` (`scnid`),
  KEY `slot_id745896_idx` (`slot_id`),
  CONSTRAINT `mid224` FOREIGN KEY (`mid`) REFERENCES `movies` (`mid`),
  CONSTRAINT `scnid779` FOREIGN KEY (`scnid`) REFERENCES `screen_master` (`scnid`),
  CONSTRAINT `slot_id745896` FOREIGN KEY (`slot_id`) REFERENCES `time_slots` (`slot_id`) ON UPDATE RESTRICT
) ENGINE=InnoDB AUTO_INCREMENT=31 DEFAULT CHARSET=utf8mb3;
/*!40101 SET character_set_client = @saved_cs_client */;

--
-- Dumping data for table `movie_time_slots`
--

LOCK TABLES `movie_time_slots` WRITE;
/*!40000 ALTER TABLE `movie_time_slots` DISABLE KEYS */;
INSERT INTO `movie_time_slots` VALUES (6,1,2,1),(7,1,2,2),(8,1,2,3),(9,1,2,4),(10,1,2,5),(16,3,1,1),(17,3,1,2),(18,3,1,3),(19,3,1,4),(20,3,1,5),(21,3,3,1),(22,3,3,2),(23,3,3,3),(24,3,3,4),(25,3,3,5);
/*!40000 ALTER TABLE `movie_time_slots` ENABLE KEYS */;
UNLOCK TABLES;

--
-- Table structure for table `movies`
--

DROP TABLE IF EXISTS `movies`;
/*!40101 SET @saved_cs_client     = @@character_set_client */;
/*!50503 SET character_set_client = utf8mb4 */;
CREATE TABLE `movies` (
  `mid` int NOT NULL AUTO_INCREMENT,
  `mname` varchar(45) NOT NULL,
  `minfo` varchar(100) NOT NULL,
  `cast` varchar(45) NOT NULL,
  `type` varchar(45) NOT NULL,
  `release_date` date NOT NULL,
  `start_date` date NOT NULL,
  `end_date` date NOT NULL,
  `language` varchar(45) NOT NULL,
  `poster` longblob,
  `tax_free` tinyint NOT NULL,
  PRIMARY KEY (`mid`)
) ENGINE=InnoDB AUTO_INCREMENT=8 DEFAULT CHARSET=utf8mb3;
/*!40101 SET character_set_client = @saved_cs_client */;

--
-- Dumping data for table `movies`
--

LOCK TABLES `movies` WRITE;
/*!40000 ALTER TABLE `movies` DISABLE KEYS */;
INSERT INTO `movies` VALUES (1,'Bhramastra','Indian Hindi-language fantasy action-adventure film written and directed by Ayan Mukerji','Ranbir,Alia','2D','2022-10-05','2022-10-15','2022-12-05','Hindi',_binary 'RIFF\\t\0\0WEBPVP8X\n\0\0\0 \0\0\0\\0\0$\0ICCP\0\0\0\0lcms\0\0mntrRGB XYZ \\0\0\0\0)\09acspAPPL\0\0\0\0\0\0\0\0\0\0\0\0\0\0\0\0\0\0\0\0\0\0\0\0\0\0\\0\0\0\0\0\-lcms\0\0\0\0\0\0\0\0\0\0\0\0\0\0\0\0\0\0\0\0\0\0\0\0\0\0\0\0\0\0\0\0\0\0\0\0\0\0\0\0\0\0\0\0\0\0\0\ndesc\0\0\0\0\0\0^cprt\0\0\\\0\0\0wtpt\0\0h\0\0\0bkpt\0\0|\0\0\0rXYZ\0\0\0\0\0gXYZ\0\0\0\0\0bXYZ\0\0\0\0\0rTRC\0\0\\0\0\0@gTRC\0\0\\0\0\0@bTRC\0\0\\0\0\0@desc\0\0\0\0\0\0\0c2\0\0\0\0\0\0\0\0\0\0\0\0\0\0\0\0\0\0\0\0\0\0\0\0\0\0\0\0\0\0\0\0\0\0\0\0\0\0\0\0\0\0\0\0\0\0\0\0\0\0\0\0\0\0\0\0\0\0\0\0\0\0\0\0\0\0\0\0\0\0\0\0\0\0\0\0\0\0\0\0\0\0text\0\0\0\0FB\0\0XYZ \0\0\0\0\0\0\\0\0\0\0\0\-XYZ \0\0\0\0\0\0\0\03\0\0XYZ \0\0\0\0\0\0o\0\08\0\0XYZ \0\0\0\0\0\0b\0\0\0\0\XYZ \0\0\0\0\0\0$\0\0\0\0\curv\0\0\0\0\0\0\0\Z\0\0\0\\ck?Q4!)2;FQw]\kpz|i}\\\0VP8 *r\0\0*\\0%>=C\"!!8 ĳ\0Y\0}8ר]\\J\\*`w\\U=`e\\\\\w\w\？\\\}?\C\\\\d\\n0[\I\?y\ۣ\~_>.\使\ŏB?\"\\\\\#\?{\G\\z3W\\'?\CϹ\\L\\0>k}C\?M\\[\ۏ\\\cwO?\\\O\t\\oo\\C{r\]9b?\\R2Zs]\\\ \\[qa\c\\aTE_\=0D@\KwL7\\\+1\yH\G6\'/)VK\\\9p\RX\>\\\ɬ\c\\"B\d$0G*\nF\h:b4p|\\k1ai\V\\\~\\\	@VV\B\\a\AVid\w&\o\Ç\\nqTVQډ@-)ju7}A\n##el\Ɠ.RV/^)nFt]zAv_̑\\>\P}g\55U:AtON&~c`kL\Dk^snK͗G\K\"fpFs.b)xC_\[T\\\\\\\>Drgx\\꼯s\*j\r(\U3h\rQ\r\j2~\.xgFLzf\'/CtknR@\~H9\Zr\\\r\Ǫ\c Cgi*I\jh\Z\\#T\e#Sze\\n&QG	\&\(.I\SE\r{3\#i\Q\?\$/r\wڀ\\*4\\p]Z\\	(*i\rŊ\Dm\!\\"Dbˁ$d%-\\\?o;fϩ7o\%]#yalIk\)$evBCc\^\!PK7鹡3\'A2\ݷ	EyUWb\\B6vVu\Y`/\gj\DG5SNyo\SͿә$ѡ7\GdC\'\61,~\'\\%((KX\q\Fh(\\kC@n\ǐN\Lwc_\%ŵf\%n\mY8$\\N\hŏ\v\\\$1>D\Wӝie\7M[\"<#E\\n<ԍiU\\Z\\^: U+\\8\0҈;h\՗rCv\z\柈q\X_|0ƍ\ļ\Xq`H\y\Zb$޹9uІKE2ST1n\I6X)Zɢ˘*ͥyȂ׽\`H+4\\\#\0\\\ݢe\{\'0Q\vp[6gq\r7\P\J$3_VK֔]-\\b3MG\\\q\\r&$\'~l<\'8~y.\\c\^1Z||K\_\Z[\M\r\Z;MzW-b\\"]MU\:\<$w=\rvLԺo|G\gW<K@2#\}\]\ܖD{<\\[\r:#I)@\Z\Oʪv4\:js܈/Fgmׅ>|\v<l\t;LJ=ͣz\\\ߝ÷\ảLC1&:\\X[k#ɼstcΐ8\i߻=  \\g TTxr6\y\wLwZgH\X\Go\:B\lgk(>\\;h\\\'\qI\عԑ\)\_INÂ\p(ؔr7W\0:q	afc拯piu_W. \噺a\Q8ML0﵂f\#3!z\'\\Đѿ`	g\dOw\FNhE&\\Z$\3J\svWMP7Nxރ3\\~s\-}\3`e~X6\*\vs-ؙ;\\\\\\\66gI0[ק(\\߀\0۷vNE\rG=f\\'ji\;\\*x\g+\0(\1ͶB\\\T\i\^ \g񃀍\Wɩ\\\\_.K\\\\͸{\S\mNC\08}\\!Mu\\gAgn\9Y݊Aԛ\\y\\Z\Q!a\>;pܱ~\r+F{*P}h\!\r<ߜ\\v1\I\Z\]\8Ue$1\0^a7\/N\5\gG\n|gqhR\>U\|!\\\\rPpd~CNw(U\=f~GM1.\)J\N\nfb^k}yA\mw;BĝZb5ݹ\\\\"besvT\Y|\'Y\\O2sG{.}\w$\\M\\A9xnCip˺\!\D4YЂџ!׎OWVԔ䓵|\1\vj-VNη\\Zuaŧ\F\n\tq\g|zqe2鯶d>\\uKbtP$\\>̚Fi\}ё6y@\n\\LZ\Ã\{\oD%Ro@\vq\'eþ^θ0ٯٞE\~#f\\rw\	;$\\\\*:ް\lD\XᅑNP\\kvcH!\\-Zh~\mia.%$\\ŠG6\"׀ \\\\'?=cC&q\!۝&sϮz\Ē.G\\BH;`Fw<\0\ƕgb\\93<@\H\nlRVߗMX\\'.ٍxK|ls(~jx\6~3y\r\K8t\\\0\\f/H\r݊yJv\\A~l8y&P>\\ԛ\H\-rrd\aq8fN\)X\߅Zq8`ɻ呤\\\Z(UtFYB|J\x1\?e;\Miek\mP^eOy\\^pǖ.qB\&\re}3\"&YSK\k˷RB-ѧ\C\\\\\1~/,=	}rvY\\"$XY\0L\\x\\/MĮ/,߇Y\\R~T\6\Cs}\\}}VO&M񘼽{tRze\Ze<\sUy\\wuirC\(vD^fC\M]֞=坸\Z]]9c8\bj&0raM~݃lC^9\zo2#O\PE\5s\\\'t$O\\Z6uDN@>m7xm\?n408B6~\^v\v>-=\ZDu_Yơy\!limI1K\'q!v\&eڦ5[?_@\:/P\R%؏#\n\8̘A\J\물\\\\D\d;\\Oڊ.;\w\6*\  I&#\1(<\Յ?\6\R\}\JBs4\fojլc\p\fʾ<A\<,\6Uc\)X4\\\Lc5k!OC?\\<Buu]/5\XW\\謉c\[s\q5\$\r!\ZyXTTW9+\\h<\ \ե\rG\Axl2M6U\\2v*\*\\<V\v4;\#z\4r.\}.ûe\0\\\m\\ۻ.D\r @D\#\)\\0)|:$\%\kY{ü	/\x%FpH\A9.)ɳ\'y!1xBpmKS\iQ#Si\L$3L&2KK= 	y4\Z%})\燧x)1\|\\"\rc8\hׯc f츦\߰g7\$}gЊvO\|\p\,cp\\\\w\4\" <̋k1\`Z,&b{<O2\]#?jq\P^7I#X\E&3I\Й臉\T!8b\y\sc\f\'٪ﷰO#\'(j\!\\"T\Z_apJ,R\ $dT\QF\f3\|rO(M}:\fv\jϘ\6=\'G\\\05jP̲/3\tU^\f\l\Z\W-F]\\Z*L\\^KN+\\\"A9\\ZZB\\M.1 (Rdweq\wI\w[7%(o%a2?/|Jhc$h9@Y\'\\"\'Yݪ˅Ʌan}ﮪg bg\ZM\^Ә\\ڿ>Qi\ni\?G3\e!\g\\9rkL\yg\rwk,/ϭx4\`ɥ\EO\c\+?$\w\'X5V\\:\Z1&Ǚ\g\tc\G\O\Ne[A\|2\D8[%pSXl\\pr\NY@l\\Z\\DT99\̰ƒ	)|j{3r\fZ\\r8\A~W77/ΚS\\e\n\\݄\$XM~%𽯘\\X\b!\\v\v7@\nY3ʏ\.\\`=n\:3\Z\-$l|ھuM\]V*\n\peJt^\2ҧsz\f\\\Ná3\"%1}\6U\\Z\L\~p r\û\&hBI\\UR?>w\v|\\\^j\\2\jf9-eڰ)wS^g\ru<\{Z\~q\j;J_\=\8Q;\ʺ&\r\\ZR\\\y_\:\,=^&`ҌwX\3`ȝէ\\UH G>Ӻ\\+ &R\%\^\j*~\n\v\Λ_gV\r:1\\`\Ez3fuS[p\&\t~kJ}j$\V*1Hϴ\6\\uP+\lZ|?ʷ\G/vI7g1g)M<L;kŢI7@bk(vj\ӕ/`;9\P5X2Sc\'.^Guq8 Qqڢ\\02s\->8|\r\j9\\2\Z\\\g\'^<\C \gOM^0eJ\\$\\XN0xQ\r\"4\z\\\7\h΅\ϤN\z\H2)d\\\\~a9PN\Z\\'rEA3Q(\\\\\o(\Xyx[\"$\PYO׀Fԋ\#\ZI\Z\~w7lo\3\\~r\x_\x\\\\ :XR\,6[R8|i\\4\(\\0:P;z]P%\"Qk\9\\*AH\9\1鳇\lw9p\'ޘ\[y \\D*\P̭\Pr\'!ɀ\u\-Upqh\\O\A,\.(\@쐐TM\:\\ɺᶔ\\\p\\"7iu+\\\e\s8W\\=8ߓ\4\\:\ٱol\RGn0\tm/\*Yb4ˇ!ߛgvH,\\q?q\fS#+a\,`\*\\\rp\f/\|YͩgU1	=)F31*\)\Ez|\7.]TK\\\\0c$)+P6\)s4\\\\[p!q:_\e\\P8\#q[\[Y\>zNyA{q\\pm-REY\A>DR$iE\jM(\:JF\gF\\ 9\\\8y7^,\\Z遫OmS$\rn/ݞ|+CL=\BIw3RiO\\_̅WBYH\7\i		x\5fȦAIov)\'K\n&|}ʷ9Q܍\ƆqP\}η\YC:\f$?=3U9`wd\Z\"G$&O;\9\~\\	v\ڂ16\r6ijų\՝ڕl.\'e\݉{WNd\yPM\\xK\d\\~8\PĞ\6\=Wz\U#\nǳ\Q5\0(+8>m\(\h揧Ϙ\0¢[\\\Z?HNu\\Qy8X\B	⭎Af=\t\VHJ\\'\oS,&2\yTTF\iʈMVB7Ĵ;H\XT\`\0\1\P	|qSC&sL25Āȗ}\>ݾ\Ǖ	\5mO\}~$7xF)cצe\kX\0\\\\n!pmk]nq)+B#ʉJس\'@\mA\ZM{\\\\NC0kD]\清B\Ȗ\]\qL)K#\/mm\"S+YTm\`\\u_F\kǚP\(o\	Tj}Q\\\XpILg\\j\Z\۴\_٨#\\'ZS\1\a\5\\$*gl>y=_\x\\R\Aa\Z>\S-@ԝs1\\)oќ73` \ϧ\zhG,pp\"Q\\҅D9rԅ\n\ڏ,XFcmLI\H\\Gݧ\nR܂!\BxG\\Cqw&@ANn`n>jiBun)\"\!;Q0\Y/s\L\Jo~R\Ƕ\ZH\ߝ\}JD#,\H\"Uӻғf\\iOt\>\횻!ϟM\\zy;\æ5i\\n+\,xҕ~e\x!\r[\V\\&\o=\\Y5ͳ9\\ۣw4\Ix\\06\"$U K\Z93\\Kl[=\r\r\\rbKwe*\-5k6xșS\A\c\I\\Z&\,\\̟\	\,X\6G\0/nm\៘-5]1xn,E_wp\"gZ\Wb\?\g\8N&S~Q<Yв*\Ka\nWۂ˺\{F!ٲY@ۇ1+d\_\0cz\A=ȍW`\I\nʀC;\\Ed,y\^\W<i\5\7\Q_s\\4uӂ\A^\\dĶEX\\"JiHn$%	>!^\	\h8@is5\\nΖPMD\r\0b\|\Hk\`6܋\C\\\ȓ\HH\re\Q\NP_YSjyivſ,E\'\J\H^q\\9w\0b$щg0{q[N\!Qُ \n8H\n2j>\5=Ͷ\\1J?\'\S\ZM*myq\\\#M\k\`u*}=o.\q`\\tu 2\}\;(Ý1ZȤgJ?\<6Ɏ1\\sK8t\\\Hχ4\\!\w\0\RԹ;4\ǶȮz\ڳE=\'\*H2\\Ǩl\z\?4wܟ\\x\\RAkSR-m5[|\1\ʒ	q\\\#z\g\?P\-A#tD\Թaz۝DI\pfG\Rƽ;\n\\ÎA6x `$/ʐ\:^\+VM4\\_	OYzy\Zٮ\1\\ți\J\\i\05\"	<|\TUcG)\0EdzH\0St\,)\O/l$\\h?\\%-\[6d\/Fg6\"mR#-\0|\DU£J|BG\"\\\ʬk*E=	&煠K[Z6qڻL~\33kgWE\yJ\[\\Z\~\6$c]yיo+s4C.>ubџy\ծR!m\\/\Ў0Fv\\Z\ZŴ4@Jq3Ko{W\Ut@A\S|B>\\ΐs*:jv\b%\jR^R|\8\\0` PǤ+\@3~\O\#	\\\\μ*5e\2\+͚FR\'n\\%\\5\\WЙ\͔DUlBi}XT\\MAc 1ř\g\K:A^B^9b^0\"_\p_\\ƑH\:\r2q͠	A\\\iBZ8	</0{\U{z-\P?6\e\`-ϲDX\\@4a\0i2\\\4i\eޯ}QB\r~\0gV70\Z&\\c~4&b\\9B\C\gZ)4O<\z+_+\Aݸ\`\\rs{%\\LOG\}i\`\nvD:@o}DȊŘ\Z!\r56\!\\\g\$\O՟\u\9\nL\KT}g\f\\2@\\\*//\8,_\\\% >ϰ`o?\\U\'.z\(\\W,1y\*ǌ\\n}\\r\OB\ZFi<@/\μe\\'f@\\J@\\Z&>Zlx\n\A\\"uÃ]\TE\A{mѶ=Qh\1\\+椌\D4ίZ?q2rC\֩>T@tM}z62~EN\\\\\:\Cm\9J\\)t\\\\[@)\0^bD\\9\\#d\@\\\#v*Á;dvt\(\rW\\\\\<tQ\Ķ=&Aצw\ǎΚ\wOڢ+d|#\\\yr4Q\էOb-hP#MI~{\V2\\4\ѥ\f,h,uȖ%.sW6J\P*lP\"\hq\$\AaS\0GxE{TD80@>\\h\\\\";\\\R\w\#3AU\h)ׯOmtF1\ fMhgc\c\u{B\.XMl\^<\Cx\0\`/\\8mc\\0z@r\\j\MUx(\F\nƁh3ߺ*dY|Q汱qNHr1g\\w\,U\Iw}-,\n\(NyV\*\h?W\\$i\n2$\n\\9\\0 \`\;\n\qpu1.\\Y\(\p)걠{s\,,\\0\3\\,\}\Ƌ\\TJ-l\\K9fO\5\Z\@~X5ж}\I?OʔN 1q`57}Oܫ-Tog:/IB\T,\FTQ\g2<\\\@\2u<\\>dy\$Y@ۭ\gb,_q(?p\bHו\\-E-\\R\~l~K\\aV\[}\\q55ڛ3CM-\n\7`%10nƳ@d\A\onD&gD	Uz\@\38/@Q4\\\|v2Bi\ilO$\\Z/\\0mU\\Njj?jP\\Ql֔\\\\\ÿt\'zt\ݕσK;h߶\XQ\žİk+\\+?\"pXԊ+T\\'!\\\l\KǢ2\p7m!ep\'t\OgU}V\\\\\]f\\\^8\[Q\\}.`)N\X22kg`\\0QX2\\\V\jZm[h\WhHS\ZPgɧ\Sҟ8\0O6?u\\\\.Phg	nh+\n\\ܖ\\r\\S&l͖t4]0B\v\0cw<0~>\\/\\Y\2\\nm\\+\򃫐\UV_\\~\hy\\.\p\"v.\\&Xn\upT\\\m\Ea\\j\\V#\\<\ˡ|$n\\ݹi\HvO\r\=ve\zb\Z\y6m\@A\'B:s^@xKbsP\}>/\@\rv6\GZr(qTLH\ҞB\\Uyﲛx;Ʃ\$K\\CP\r\r\\?8D\e\o@\n-G\bo)#\"\\l8D^ EyU\\~\caTy]\\"\1P\GBU9z(\\n5KZF\gj5ТAH\Z|\N\~.[\\ޤ:(@\?u\8q\4i\uTz^3+N((\\g\s\\&ƭ{\\n\\6q\\S\F|9\Mv\\*\\04\ՠ\\:+O2\B CP7\>\huXOmpjI<;\ҲLM\n\0\y\fDXRʭ\As7tdm]Z;\\0U\38QQFnnwh#\<Iyq\1*{7$q$+t\ZVk?\[\($zӶ\Z\2cNgVwqc\\%+Xom>~icِ+5\-T`#^Ah>\\ő`_\'yC\#a\g\Yn\0~ЛdJD[\nu\m\p\[\º\\\מּw\[e|$.;\\\h1J\.@+^o\%5\[\qج\\"qn+ZRR꡵t\H G1\K\\$a\=\\\=0if,df?&R3Ty9a\2\rI(W\?J5\n\"\\!95Qv\A\޵\.\\'?j\rTq0kɆ.]y2\\$+\W4~;)*[u\W\_i\\ٸ64h@)\bKx\\NKHT!Y\e2:]k\\\\\\\t&\Z-L\:oa\/%UϘsX\#mkIkETnf#N\_R\S#+Bp֍nM<\F:nl\%f\<<\ɚ\ UNǒI8j\%[ܱ\d\\\] D֩\\_Ew\nX\`@~3O@Y\\\[\\ AQף\\jG.@\ho΍ߏ\K_c\j\*\.0=\\)\\X#\N_\,Rٜe8}-io _\\i\l1Kq\rڱ\֦6.VV\pb%[ /4\4t\اWXm9:h\Zf.o\Zb\g>Y\Iva{2\\>t\&\\Ű^^zyj	o\0\[j&C\r0Bnʴn\k\n\rO>\W\$>l\S\4棶KO\\\<hVD\0\H3\]_\Z+0f_\\L3C\\"%LAM\\\FVڈf塧B\NQ\\\mq\:7\"|\rVg\3\0\$\Ô\\r^vNqz\\z:\\nsNق+\/:\\nN\p;<B@zƁA\\`vg\ k \r\e	Ե\"\\0\'>D\fa\t\\0\\?\Z~~,&uꦩC\:q.\H~/eٳG\-\KY_3C\\\0\Td\\ x1{\\L\+\"T/;iKl\mB`k&44o\>\ZO 8Wi.,ZE\$=T9\nmW¥{\!>߿Ϳ>>\:\Zd\\|=r4oA<\1y3\-r\!I\A~N\X$u̟\e3\PD+\\Z-\M;C+\޷\eWsPnϵa\G{\\a(JYHu\\,h:\9_m\\'\P~\6۠\z,\\ՐDUP+y\a\ȷq\r3M\\-\8\\ZP\[A\`I\^1݁\rN-\\z OJ\\%;\dC\m\\EM\\i\sΡ\[T P30,Sw\\\J& ZE2\\\\Ҋֈ\A_XAͯ2؂\{+M\\r?^l$W vCϰ|Ta#Ov\a\\`\S9fe|5ݓE)b\Kry*j+]A0\\nSP\Ec\\|s\\vutL+s;ԧaS\EdIIJSQ{\N \5HL$\`!z6\\Nl-\no\\=\\ncy~[x9k+\'\0v\LV|pz\[Ձ\r\0e\I&jlz\;[n#5\\ZЌNf}J\Z\\N\\\\\m\0z@\\wn!H\,5j$SH~묊h.38\d\H\픤D\Z8Ao\F{DLsyA\i\Ǒ88\_Geye\7×+XMvݐ\˘:fM8;n\!-^\nˡ,<Qc\[]\\\>F<ROY<m.fC1)L\'37\"\#`18t\3OJr`D_/qǇb/\QYB֑GI\\"+;8r`A\M v07\\\AO^Cl\\\Zg ;xx\\c\d\	_4\:#\Ҡշ\_:\\\zs\mqF|ftf-5\\{>It\\Dv\\"\FD\e\J\ C6\^pQ\r\jJ2`{\\:nQ_,Ż=PF\\u}ޱC\\\Y %F΁H\\\?\ZwT+\M<(:\~(#Kz,B\\\v\x/\'\nzZ_\@Ipb\0C\Z!9n˟f߂v>^wnx\"\\\\&c.T\^Ź\\\C3OqI\\\4[ⲱ7\\\\	O\/T\",\/84k6[x5̨3qe(`\4\\\\Pd\'\\r }ڲ\51JA>2 1|ECeq4%|\\\ç(\~#W\eM@\4&yQXg\\	\'\o/>\UĊ\a\"ִԋ&Ϯ\\I\h\)\j\k7\\a8EHW;CY7vx\\~p(.ڏ\B yD<X\\f\ \c_CG\7qA\W(\訤\t\GO\lVehJB9\_\5|\'~I\&J\0jI\"{\x~V\[\#A\\\'\rq\W&l\M \d@Ѕ9\e\\\\\N\\\Er\)ʋ\fhQ[\\n\_5iB\n	ʡhy\nIer$dce\nm!\G @(\Z\\H<mk9?#L_+Mف5\\'\FV \Tt\H\\Ⱥv\l<?\ObFPyQBa;Er\\n\bp^kh5\Fs0S`]+k6˫\T9n03/\\\qS=3\\\\g\T(΂\H\n4$Kv.\ZqyX2\\"-K\'E5*\v\rCp?\ng\:I[\ZC=u\{S\\rOB%Lj\F;eL\\r>Qd\\n\Z\\\\Z󶆁7\\)M-\\ʶup՗l\\\C\\\\\}N7z|\)\B\\M~+\{Ԡ\aeiaHnAN\\\R6@гF\\\'\uK[5D`\=	\.N{\8\ \OXvOv\\Z~T\\l\\mAePާ\V+\nZ\\gqۡ\\\3\M8\\z\&\\@|f\i\jy\\\\f6ZvB 1g {)7oVtCg\`z\"CA\Z3p	05\W;\ZsAB~T\n{ϡԽ4;\\8W70\\[澅\n\\NY ʨNA@v\6ȩ\Erma\(\1 ̈́(h\M4\J\Je\S\G\\\"\k@tunHx}i܁\\\5nUC7q\qU*0:\;&.L-\Pq瑚s\<S s4^\p\ّ\`( =Dc\\\&㜬g/g.\'|[}@	\rs\Zx}$S\\0c\?$8̀\­\qHfs^\\ckOtCBrA\n\0pw(\"ܵ#\FTjQJ\W1Z|tk7:\u<`H\@Ezq\^{\]w%\&\iqbח4c\r`zH:>n/3\,\\X-\\}Nu\o\a08ƻNYb_Dw!96\d&>hX\'FH\1\\\a˨<JŨ֜Dwd`8c\rqHإK\n?/I_H.\Z8\Z	Ҋ\\T\t\qRadi\n\|{]bk5\`VS!I\A]I\\EJ=)\FK\\v\y_TH&߭zG\\\p+j\\\\.u\\\\\)E\]<iN2^=.ڗ\Ӡg\\];iĽHҨ*\@S[?\OZg\nHS\ޭ\~\̒wR\r0TM}\zLqd^/N4\\\C!\\*w\w\\\wvGU&ݍAFu+٨=t7jvB\\(k\\Xp\\?l\f;-XJFw:mefdW\=/t/Z\&j\7sǴ\*9I!^\cCN5n\Zr0k&?إ\\:Ɣ\\=R\oWnI绊	W\W\\n\`\\\Y(\9/%Ad\Gwn&I|f\\"%JRYUN\Ac\o!ז\ҙg\)Bs@^H9N\ 8GL0\)(qߩ_\\-\Տ\\	\\\\ҙHd4bSݶ\:/-n\\'?<~2_	\\@!5\\9R?Eg7MoPPׇ\ch<\fB\|\\<\d\V9;\\2\Z\\\\[&o0dq\neb4\\is\f\\zq6J4iV_\Zͩe8wM9 c)\h\\n\\@\\rw\\EGVo\Z,EN\Rˁq\'_\'>{9\GH\h\q\'\"f\\h\c_Ǧ/ܰ˘m\0;5Vr#U,\[Rd)y܀9o>;Es\rV٧7Xv\\\\\z\Z:w3\ǶD\U\@wQ͠\m\${$U5C\\\n\Bm<!?\\g\\\r\\L_W\pS\Z>\I\\\\I\{3$dnk\M݃\@xd\s\\^\w\<1\#Cgܰ7p}ٺg,\\~\PD(\=V!^o%,l*[)EH>	\"/\{o=n\_Ӷ=\\M\N\Qh?\\8\i\h_\pQpQ\\\9Gy\ߎ\ҝ\\rN)<kD|WH\_3\\ \+\Q\wn\q>3C2\rm\'f:D\\	\\Wޅe\ɻ(@\ڔW$\\rO	چ\_ф\e\\4/ \O˷j\%\G\7LRe=\rG\\W\{!y~\u\Gd\ۘ=\\abD\\{Fyl	͵\ft;G\#[\\֐FA\\\톨\ޮ\=1UE^\FBu}\\\_\"CY\'\"/|iA+o8\S\nД(\\\Dd\\0=\&v\ݧ6\-b|&n\\\i,ϸ\dkm\̿I\2R\у{XӐ\]P`]z2`X94Nou\\\eryɊ\n\K\(\*Mu2\b~\r\\\E\[Vo6RZCJ{}fY\c\l&{U\O\3\\a\oİ#OPg\U\ض\7<\o8g_\(\& \`t\Z!I\\vz.\\M𷙙9%c\vB\\~J+UM?\\\Za5^k\\\\\n\5Ɔl%#) \0\0\\」E.|\MPqD\\\\;J;R4\\× KeӜpD{\сݽ%*\\\\n3\\倬Te.Ms\\)@;[<\-\\r$\sմ]^\r!\+ꈝgV^o0X\2\\$ꥀD2\\Z9Al@YS2\\x1!\1\ic\X}E҂\	&AJW\'1\!d9CZ\\xY^\p?\n\\=CX\n\$z3x\\.BȈic\VׄWi2S\j\\\\V\Ms\S~\;}\\Mw; L\/\(\bh\o,\ Ș_H\ZiѰ\=0\en`Fh\\6\kDg^}!\28\'\HD^\Ic5-\\\BҔX=9>\\\HZ\{-5\\\;SR\P\\DGΗfԃ\e8\Z\\ji@Q1\~dٶ\(\ZO4\\G<E\d%b\PLiW\\\l_,x\^z\Ot78\\n<f]:\a6x5\%\~4\0;\0q¦a\\ND|\=OU\\\rح|\#\\\զˏ3\'\\'\cr9H\\)T\=}\"\n(@\eWR\\w|@֏\0h\U\?}H$\L0RP=ᾪ)ݘ!Al\"3K3fh7Fe\pe\\I;cU5(dN.\ip$\0u\w3,/\l\FO\r &U\欸\zco_2B\\!FA\2%\S	$\\\\Zi\X\\\⬕Q\[\\\\rK}jMVZwUxr\Pb85 j\"ϟ\߉\\"&BQ\3K\\\7\=3oN\%\\\\Uj\\u\-\(\pnb\\đy\-\nhi\\00\jw\	#ǒ.JB?:ʳ{秎oS\92\n\ٵ{C\Uw\!-Mx\noY\A\\\\q9Luz/F\Z۵V\^\s@,v \\Jv\\\\nh\nZJ<\\*Dc\\'7!ISȌ\0\\O\0{!\'8J_^LZ\j;P\\\\:\\\jۢO~^τơ\0h\y_e\[\\cɐWV<ZD\3\\4\\RE\0\?\x#}#ص)}\\\fH̏5\\ag$\\σ/i\;D\ި~oצ\,X\\GQ\8\\fb\*Lf\\a\\̲m!OD#V!Y\9v\h<{DgE]\\"|\\'S\\u=	\hEMC\\0^\1#arŀT?i\~\'\1\"\n[~^;p\3{R1a%\V\i`f\B|c<#7)g_u^<΢9ΰ\\	7q}D7v5aa`\0`\:341\\nGxw\\˄7oE\\\+\76Y{odZs\6s*(Z\+rgE\=\~WW\D(t,Z\rF\B\\\-\s\'*/\\yI\Yf[.l4E}Ӵ\P\(\Uc 6\絹\[;Gs\\Z=\\e\	IC\\jO{g \w/\y&\\#\9Zx\\r\<CϙWo\ 	Q[\0\[+JZ2@5S\\Z\\\xm\\\H[Б\\xbM\zTj\[x%\\:q~L#:KeB8U^ˈ5\WQn:a7f\'\Q\ar\5QLM}C\\b5lSy]oѡ $̧+\!~y\,ȶ`t\P\ \q\B\߿\K\&\CӤ!\Uw\]>!Ŵ\!c/ܒ55Z8\Y\\Sb\\\l_\eDi\ca\ʷ\l8/z|)q\\\m\\\\=\ٷhVg\S\H\\\\F]\vC\hL\"D\\Y\ZByWQA=AVn1+3SH2EfErhl\T\\'~[\Ћ|\\n\z,E\ϞY\J\tl\\Ym\:\\\eڶB\PK,\u\[v(\f\\4}~{]69>SX_\ԏ9\\?JAn$\<1\i!\\\MèXvW\n\\띠\\78\\\\DX\:,%TQ#MY#\\J\x>%l0j\JK4M@kamZOmUT\\@\R\1כ\' \pO!\8\\\\ZR\HX\ޠ\\\\"BU.iS\A\,\0\np!:F]6ݿ\fC\"4\"\З\1\C׆\\N1j70WÁjl\$2.Qe9\\0yc q݆v\8*\߮剰iڦ]U.\\Zi0ȅ;\9Nr4Яyړ\,^F8\ب\4{tG9\\u2\R!!` f5y.qG^J\u\ZҊ\EL.:=\YS\r݊:*\M\\9yg7he}crL\ #\e{tf57^>ZhU8\BS	\n\&t>1\YF\\qʏӚ\\\\\#QFJ+~\\\0\\Jw$SĻSv\m>Mgե\,n\\\(|ҜM0,\'$f}1\r\hB\\\\h4H\\ǞK\\\A>GU\\ޗ`v%H\,\!V\S>67f)\үwV8\'hu\SQQ\\p\05\Mq\9\!,b\mu\\\]lJ6P8X\ⒽL\\ƙ@a!骗\`=3\Z+VC\n`\(e,f\q\A\'TEO\MfC\l^\Qmm-\P\%lg\~\?+^\ҍ@\0\#K)\_\'\iӎR<\&DfN+\n\\yk\n˓l)P\"n\&B?9o\\\"y\\Zk\F*5\8æN\9n\\]mk\۬\\ZgB%cjrLsJ#șI9Ԓ/V\'\Z\D+#\r\	1\\0ps9ivs\r}rᔔYP>5;Ü\-N\Xe\\X%HL̣R\ї\Bm\f\X\:S\Iٿ&Q\WT\\g#\NRpCr	\\)1{Cha1E\7ܳ3U\ZS\0\U<#&\\\/0\0_\it\Rh>N\9\ag\;{\ֵZ\Zjo\r\D_-\\\7Ȉ 48TX!(|k\u\^\x<o)-߬Q;ˆOд}7@?\\\rk)\ݭd:ch.L\UP>%ujQߝ3m}KY\X\\\Ɨ|VUnQaF+\\\Z\ɫ_\ \0mrdS>w;P5d\\\\0\\\Q\\3E\Дn\R\\l\?-a8\4WpvӞC\^B$\l\\\Ց\\'В\\\\&8\#\I\\s\K2\\u9\\Tar1֝\'\f\AIJa\\$`\"4K\\"B,[\03;\4\&)L\A̯)6\\2\\d\(_*F+``\n\n\p\)-\+b\Z\\OxK\\9etڈ^+\\7\88id\+v\X\	g$@r\G\O\b1F\&@L܃񮆲z<ٲ\\0\rx\n\\Y߽ U<\'fw&t	\\n_!\\\)*\HJUSH\=$\uE\`eQ=eO+.52J\w!J\I&u>ufBC$[X\|\"\rS=\\GQ\\\>5\ZEQ=,	kЅX\>𭄋LO2\\mgTh=\! \JB\n\\J\K_zJ\}\\7\0EZi\"O*\e\\'\kc\#wق\b\'-j\\^E\!l\'pp.4j\E\n\	.\0_D]\p\ZeM\'\'IjDN9I0[Ag8P\Փ\&|\\Ց]:\D5\K\Zܑ>J~\Yg\x,9QA4E7$ڝʑ_]V\r~\\\\k\g(txD\\\\\)\7\0Hӷf?\ @^~:M[<vWEV>\b\?R l	\h0n\07\=U?I|\0%\Vw9\ʱ\\sZ\Oϰ\E\j&\'\\4KF2(9;FZ[\sYn\5h\n}9HpADyKd\\:\\\[\&~_=ڨ\jWNe3\nʧ2\kN6#z9xsL\8\jP2\R\\r\ߝ\<4\|\KHMo\\b\Д\+PguOX\t\0[\\39\A#A\iE\Zn/\"r \1h\7\(\n\\Z՗ ئ\P5u|\,$b\Y\Ǜh#\OY\9\#\\\\Xl,=])\246Q\\\'RH]Od\&]\j\.j@d&\ۛ\\\^?i-z\QP>vXK\rO\bS&wb\nV,!akVKS\\\;9Ps<࿠8\65]@ \'\Zd\\N\̤\%\oLj.\-\\\ݭ!u\$&ؗݕ/Ib\\M1}*!\\((P7ۻwbz-\G4ujRUel\,c{_Є(?\^\r\}\ZvX@ʦ@ė)lRF`\\^Hܙ8[a\\B&\+ ~~`C\Z\\9LeUN\\E$\=]\&/7\P=No\\\=\3~P\ѮⳢP\/\ZT%\D\\b\',\j^&C\nI\\;\'\\\\\ AB8EIBZN=\r.\\q-\\'Q\&=(4\ZXI3J\5}9(3ߎ\\nPV8h\"߼\\jn;ߐ:qf\/5\v\WCfNU*\B.z~\\/5$1\-\ZU}b\P`!\:\,)\ys{\\Z\'x)\)Ͽrq\n>B?BP,nF\\rya\\ȳB\.F\H\\r?-W0\\n\܆\Qڸp\W\:Ǘ\\\.\w.\\(q?U\XidFT%8\²\'\\r82eYQolJ=G\&ʮ\s_\P\\/\n^Ƥ\_f\":XA?\\0~)ٿx\8\G\e*}\`@ޗ\\gu\n{?!]\\S6\"OQ8wJ\\=il\y\\<\Lz\%B\էj\ߵ\\X\\\6c8ܚ\0\t1wu\0{\<;\&1\97>x\\'3x\%z2 \C\\J\J⓾ǂ`\r֕ۿ\\Q\_Rv\{(l\\\\\,xj\iy\ ̆:\&\^\S\w\ \29PI7\a]];\070\'EZ8^[\\\\K\Ml\DH\\'\T\kN=I@Hd\v\J\<J\A\̵omY\5\F\n΍\r9\<jT}-.\[LՊ{Z^+.\X\'ְ=\dÁY\\\Qm\y9&0\t\]\\\\k&\uY\FG\\v>Ҟ\gavz/7T\\c\\bo2׀^\c\!K!!S`H5\INɉ>\;0)C̿\\n{\\r7\{5ښ!0|;\n\LvV%\W=!m,X=fK>pL\\2\\\\]\(޶\\(`\e@%\`Q\auRxG0l+`\\ķfLݞj5:3\\\\S_l\[Ɉ\\!\SF*3\&;\\oQKjF -\"׹T҂\\V++x1?\'n*=\fLu\M&\\7\k;VKl}\DITc)DR\\M\IfɛA\N옸;\b\3=W$\]cOS\lND28<9Dn:\\]lXt\\YϦٛ#	XF\\\\D$ukB\8zh+\X\ZȖiMLU\xz鳊a9X_w;=;\Ы\\g|?g\\õA׋ΞR.\R\\"|\\\f\u7y%HPkM\\\L9t9>HaV\"\ˣT Y.L\i\{_uDZ	[7\\\-ԋ\n\vT#oZՏL\ ^<\\l~\\\6puӫ\\\l	\x\r_f\Xpύ7\\n\\å\\}xXKɆK!\\\~Mg\<p{Ad\C\%\}q\\\Z0\j\\DGӴP]׭`u1%8\\*X\/o@\EN\=<\R+\':L\\YCPkkm\\ \D\\\\W\\>p0\r\\\/\/N\E1[\{f&gLXrЖH@{\wfmMB$\HS8\{7QYEj	\5ߦ\\VD\0\\snafQ#\/ٳr}\\z,CΰVhjS\t?(\\\mn\\\\\p\\b\\:O[99jL:\\\Ҩ/`\W)DY\ufC	3(o^\\4T{2[j\Pfe\\\	BGv\^\Os>\</%Ќ\\\\0\n2\?m\~@v\=0?˥^\\P3vh\K\z\CJp\f-\1\զTp\a\\L\}Bǁv\-\\\vz\1d\W-[\nC\Q,\Q\\^\;pKV\+NAإ\O.7j\\z;(_4O\\Ŝnb\4\u$\\j-v\6μgx:2Zt?CG+b\u\-͑?\0ާD\K.Ev{ehWKeiy\0s,]͈;hQ0~pt\L	XMR3t*\&\\K\\6\%IL|\"_\3kDTcPL.νǯ4\\\Z\\5Om`-R\04fiC\u\AN\\dÆ\WR320}Q>W\xupM\݂\Zhn;SI\\5jvu\0צK\O\NS\/,\,dAAY8[h\翿yG\\\K]*Uݡ\g\Coio#Mlѧs{\ڐ\\\&aICƽ\o\z\\݃6Gk\"uHކ|\zIApY<?\\\2\A;ݵB&\n\[.\}C?^1\\1\Z-`a/NZ:+\l\cp\.N\LlJMf\\	G8\\x6\U@\kMqKp\1$Y\nV7 !\\\\)1Kqp{TtTZd˒o\GM\ֺu`zPXM\.\<=.e\X\QD\aI][)h\nr\SF5\	5\#\\p\\f:v*s\zLN:\\>#WE;Q\e\\\\|&T\7K:0$}`\/\nN!:\,@\d֓4\\\!`\\#3J*c\*1YmYev0\!KS]s4_{.A\"\\hi]\qש˚)\V\\"Y}R\$AKB\zQ\ v>c\fi|׀?ۗOG9)\)nz\	z\tH\$뉷18\>\חqMT|\\Z+ `\nUk\H\af!\e/\\ܮ\_.^\@J;%\)ܝ{\w\\"==r|!3V-ֺz\\0\aZ&ǁZPKFν^3BgO˧L\0|Xͧ5\hk\BWp,GX\r\\G\n\3\y	V\\/\:\d%/ihw\\pA\U\"]r\\\0$\n\\Do2:&_Cj&l&s\w\\\\\0F[ekv\:_*c9q\\@8:4\cqyALx\Ļ\\r\ZcMVR\\e\1=\\f-\\4t\iԾ\\~y\\iH8@0\*\"Z\\\<\\\51\\Z@\\91abEP\\IDf|<\z\Z@\<W* \Z~[֟g\\aoq>028\alˤt\͑\\\\\\q#\\\"\>Z\rM.\c\D\\69\Mx9=z+\\`\\\$\m\\ \3R\.,`	k-q$LǞJz0SJ\C\ruȶ;\́qf\}\\&,+7\\\\Lʹ&\UZu\\\4b\)\7un\\j}}\\',j\Z.Q\0Ja0ې|\XE{\]	b\~;A\֨\*?BJnܠ1)˹j)\\k\H\2ב2\'U⃜tSpa_\\0y+b82\0R\\)1t\\Ug\n\0m5bp\j Ⱦ*\W(rciCW\	[\\hdߊwc-\'E\"#\\g(\E,\jў4c5գ\g\Z\\\#⸞@^\	VB\\n[\Gk-\i\H|a-\%\{\~q\PfL\\\Z5\[\O_:\H~+\Y\3C7*Ŗg\\\\\Q\^=ӘH\!\d\Z^vZO{2Zӫ<U\ ٵn=8\wN\2{\\`QV&\uQ\\0j\}\\ۥZMZ\nNS\f\\%\i\l;0-Rr\\g\3\9D\E\h\ʡfC³\\n\ioEfA)<	\n!K\r͑\\x\\R\0\a}\\\=\P\P\@\\\\Q{{Bn6\aLu\\s#$sׯX(%\:Xً#\\Iz~}	\LjЭzzغy5n*T6P}\(FfVm\\u買\4\Y\DI\G\\"{K\8K;M	B݋$2Yw?AK^9\k\n1_aQ9zoX_\\Rî\LDL\|\f\\\Z/\\\U\\\	cj\\As쭾Y+\'+pw9\\\`%\>\=}]`hkH\n鑜\ٚ-\7V_\^\o\H{\QU챘Q\)E-J\)TڎNZ8kfg\ļ\Z\,>}Iʾ~\ѷa\Փ$M.\8s\"\7\	\M&\uèi=\y5+\H^J\\ȗLA<X\\J(ÇVe%$\Դԥ)\ĕ\Z\\r@\0%Tm&t\'\\\\$oF0\\^#[\|\'Z\Iq\\>\\Z3[\\oS\\\\B.\O9\Yw>\\I☳D<\8\\S?4#5\\rf\n\\dB\\^GG\d\z\0\\BV\_\4\u<\=\W\[dY\NH@v\$oaR\nSj\dnN\#\F\\8P_\Hf{Y\d\"Z7}[A.O%k\ᥣ\Z\WQZE\\\ut\9`/Օ3[Afz.h\@~2À!s0Ǖ3D\rJ&\{l\\\\\\?[\\N\B\=1\Q$|\\\%\xԷA\j*+uR	j;\#Qn#cDx\D\=4P\6nom\ʂ^[ g\]ě{?B[\\e\G>b\i\\\h@ô\\\̨L\}\e\n\\\\0\\\~rA\ZRN\o\\np%<9\l\K\@]\\'l-\U])ݒ\.\\eU]6\\,A⡞\3Kq\\\\a)\mB46\9\\Uި\o\ {NVK\lY`i@\\\\JK!t-%h\ɵ}Gk~7AnHԭz2	\C.-\\ZA3XrN\tƿ>}\S$Kj\Kcyو5	#\eg<[\๜\2(u(Ym٬X5rs@\MӹD\3\-\.\\N	tOfΦy\C1볚^*\Z\nD$\th9m\`x\\ɨs\r\\\\o\\@\n8O\V\J}Ex\\q,IdB\n6\$\\\V\']!X񄟫M71\" )Aq\kqu\\<)\\tfC2F\Z\\^#AW&bf\\B5\-rbM:gBφ]\E\Z\\\FOW\\\5\dV[gR=1[R/A<\F⭔G\PȔ\gI\\F\\\1VH\\M3\\l詳GNLԷ6K\}4մ \'%xr\+G35n	Mk1z29Ւ\\\Y\\\\g%\np;8!tYd;yj\\U\\.0jd\\\8\+\W@{4\῁h\\dWsvI[S٨\'`\\!\\\\;\ՍF9Xex{)djgbfU:M\\q{\)\Xz\%!%\Z4Sg.\H\\'\'P^^#EƯ\?~S\\IF^\k+\\/L\ryD\"3J\bKų!د C̷du\\-\}~6؉\\ԁ7\Y\`!=\'\\sk۔Ѓ\Y:\>yca\\0cm\IيA\!j\!\Yvyfj`\"@6.\\`zD\0g0\p\\]\32b\ԍ(HJ\2\y\'\0Y\h>^\|\MRPҡ\\Ԃ\r΋\'\Zø!tE,\\\0q^hbShP(\g!\&3pd2	چNQ\n\roc\Wo\<˫+Eަ@\Q\Z\T݁;JZ)\rH	\h;p;8%\0˅F\!ŗ̹D\\r\B\55z\aQԪB7~kF\Y\\hdC\ϼ\a\|\/G\	BW\"\\l\ZzOPT\o\NnK\n7t[d\0Y\\+Վ	9(/ +^!-_\R=\J\wOTDpb=d}~Wv\2Cձ\uthDvՀs@\'q)Q4ΧbL\&Z2\"fYDIrm\q6\ˢ|\ =\\on\\KD$\,\}e\Y=/L>7mU67J⿂z\\loY9!b\ZR\\ΗT*ccgPX\'`E\n]\\\\K2\\\:^dՆ|b\'I	 \%S5\-e25?ZW	\\\|yIF\'7\:\a4\?_L\ڞ	?\\\[hh\; 0\\\\\x\EeU\]R\VJu	w\\'c`zg(\J4	)~h2 AXWYۈE{\ZuiMo\sdi]\\>κ\z\ mnq|`ArV\'mǐ\\"Ǟg5zc\\CJ[Q\Un\\\j\<\KIY\cV&XVĭ}\\,Y7\<U-룲F^ԎCp\nH!l\|mEU`!cxzH\\!|\[Yzu8\\ŋtҁV u\?6 \\\,O\҈	\ YYJ.#\\\\d/\nߨ#\I~E\Rfe\U\>Ω\0qoU`\VO\Y\\D%\`]5ժ^\^=yaiP\vH@\"g\B\c\\HД{bGV#\\\V\xjP)\\\IO犇)\\?rI5ǩwm\vl)R$?;gVZ\\\\ğ*\"Ow\">Fq%\Ł\\rX\\g}cgH\\o\\I,+6PX\ \pTqboW2fXZ\zc\\Z=a7\FC\C-\Բ/)\\ܱ_y2w\4R\=i\/`i\lucƏ\}D\J`S$Õ@\PUl\0!?\i\N<\-Yu*PwEfK+Kk_b:%\\\Bᕕ^.\0}ؑkG2\\Lݒ\(հT\rB\,_Q,\\*۸m`5Ǡ1gxe/-\sIwzp\w\\Yi}8\:-[ }\\>U\U\nm\r\\|\Ct\\\`K-\q\Z\\C\a\\:KzLg\.\*\r\\\n\%kbG#\=\@x{\\"\n#U(rm\Ϊ81m\Ͱ\\Zd\}n[i\>i\"ml\oJw2o11\g-1TˆGE\\=^pC\3`5\l [\\{\-\".aоijhkƠۓu\\\\C%\e\ڭc\zpq|%\\fp\0\:x\\"!ot\\3ǰɏ\}!/&\%W\Z3\DK@Bn\w\\0o?hJ\qry\rC H)\1fIHr\)˼7s/0Gq+iu\np\ \nYWo\\0\"q~l\\\f\0$&?b\\`\\vT\ 4#_1ӣU(\5uw9xb4\pdԏ\Z%(맭V]rg΄Gy\?%\obx\2U\'S|\\\$koMt.RkI\n{,\Z~\#\\nCW &\j{pJ\\\k[$R ~d6Y\*˧Ev%\0\\Q@/m(\"\w4}\͏\_\0]L/mu+m\=A\D	C?C\7i(\\07N^ǈ\\ZE;v޺\]QMW껮⯔\[wG;\]W\\\s!\\0\\Z\'\rHCx܌`aJRSo\\EF!=@g8W	\\ߛ\'adi\pcjolA0\0yVn\\h\0\0\0',0),(2,'Bhramastra','Indian Hindi-language fantasy action-adventure film written and directed by Ayan Mukerji','Ranbir,Alia','3D','2022-10-05','2022-10-15','2022-12-05','Hindi',NULL,0),(3,'RRR','action movie','NTR,raju,aliya','2D','2022-09-25','2022-09-25','2022-10-01','hindi','',0),(4,'RRR','action movie','aliya','3D','2022-09-17','2022-09-17','2022-10-08','English','',0),(5,'PK','logical','amir khan','2D','2022-09-01','2022-09-01','2022-09-18','hindi',NULL,0),(6,'Pk','logical','amir khan','3D','2022-09-01','2022-09-01','2022-09-19','hindi',NULL,0),(7,'Tara','action','gylince','2D','2022-09-07','2022-09-07','2022-09-17','english',NULL,0);
/*!40000 ALTER TABLE `movies` ENABLE KEYS */;
UNLOCK TABLES;

--
-- Table structure for table `price_master`
--

DROP TABLE IF EXISTS `price_master`;
/*!40101 SET @saved_cs_client     = @@character_set_client */;
/*!50503 SET character_set_client = utf8mb4 */;
CREATE TABLE `price_master` (
  `price_id` int NOT NULL AUTO_INCREMENT,
  `tid` int NOT NULL,
  `cat_id` int NOT NULL,
  `price` int NOT NULL,
  PRIMARY KEY (`price_id`),
  KEY `acasdsads_idx` (`tid`),
  KEY `sdasdasdsad_idx` (`cat_id`),
  CONSTRAINT `catid7362` FOREIGN KEY (`cat_id`) REFERENCES `seat_categories` (`cat_id`),
  CONSTRAINT `tid2243` FOREIGN KEY (`tid`) REFERENCES `theater` (`tid`)
) ENGINE=InnoDB AUTO_INCREMENT=10 DEFAULT CHARSET=utf8mb3;
/*!40101 SET character_set_client = @saved_cs_client */;

--
-- Dumping data for table `price_master`
--

LOCK TABLES `price_master` WRITE;
/*!40000 ALTER TABLE `price_master` DISABLE KEYS */;
INSERT INTO `price_master` VALUES (1,1,1,120),(2,1,2,150),(3,1,3,180),(4,2,1,130),(5,2,2,170),(6,2,3,200),(7,9,1,130),(8,9,2,150),(9,9,3,180);
/*!40000 ALTER TABLE `price_master` ENABLE KEYS */;
UNLOCK TABLES;

--
-- Table structure for table `screen_cat_seat_allocation`
--

DROP TABLE IF EXISTS `screen_cat_seat_allocation`;
/*!40101 SET @saved_cs_client     = @@character_set_client */;
/*!50503 SET character_set_client = utf8mb4 */;
CREATE TABLE `screen_cat_seat_allocation` (
  `dummy_scsa_id` int NOT NULL AUTO_INCREMENT,
  `scnid` int NOT NULL,
  `cat_id` int NOT NULL,
  `seats` int NOT NULL,
  PRIMARY KEY (`dummy_scsa_id`),
  KEY `scnid112_idx` (`scnid`),
  KEY `cat_id122_idx` (`cat_id`),
  CONSTRAINT `cat_id122` FOREIGN KEY (`cat_id`) REFERENCES `seat_categories` (`cat_id`) ON UPDATE CASCADE,
  CONSTRAINT `scnid112` FOREIGN KEY (`scnid`) REFERENCES `screen_master` (`scnid`)
) ENGINE=InnoDB AUTO_INCREMENT=10 DEFAULT CHARSET=utf8mb3;
/*!40101 SET character_set_client = @saved_cs_client */;

--
-- Dumping data for table `screen_cat_seat_allocation`
--

LOCK TABLES `screen_cat_seat_allocation` WRITE;
/*!40000 ALTER TABLE `screen_cat_seat_allocation` DISABLE KEYS */;
INSERT INTO `screen_cat_seat_allocation` VALUES (1,1,1,30),(2,1,2,60),(3,1,3,60),(4,7,1,50),(5,7,2,100),(6,7,3,50),(7,8,1,50),(8,8,2,100),(9,8,3,50);
/*!40000 ALTER TABLE `screen_cat_seat_allocation` ENABLE KEYS */;
UNLOCK TABLES;

--
-- Table structure for table `screen_master`
--

DROP TABLE IF EXISTS `screen_master`;
/*!40101 SET @saved_cs_client     = @@character_set_client */;
/*!50503 SET character_set_client = utf8mb4 */;
CREATE TABLE `screen_master` (
  `scnid` int NOT NULL AUTO_INCREMENT,
  `tid` int NOT NULL,
  `screen_no` int NOT NULL,
  PRIMARY KEY (`scnid`),
  KEY `tid24_idx` (`tid`),
  CONSTRAINT `tid24` FOREIGN KEY (`tid`) REFERENCES `theater` (`tid`) ON UPDATE CASCADE
) ENGINE=InnoDB AUTO_INCREMENT=9 DEFAULT CHARSET=utf8mb3;
/*!40101 SET character_set_client = @saved_cs_client */;

--
-- Dumping data for table `screen_master`
--

LOCK TABLES `screen_master` WRITE;
/*!40000 ALTER TABLE `screen_master` DISABLE KEYS */;
INSERT INTO `screen_master` VALUES (1,1,1),(2,1,2),(3,2,1),(4,2,2),(5,3,1),(6,7,1),(7,7,2),(8,6,1);
/*!40000 ALTER TABLE `screen_master` ENABLE KEYS */;
UNLOCK TABLES;

--
-- Table structure for table `screen_seat_capacity`
--

DROP TABLE IF EXISTS `screen_seat_capacity`;
/*!40101 SET @saved_cs_client     = @@character_set_client */;
/*!50503 SET character_set_client = utf8mb4 */;
CREATE TABLE `screen_seat_capacity` (
  `dummy_ssc_id` int NOT NULL AUTO_INCREMENT,
  `scnid` int NOT NULL,
  `total` int NOT NULL,
  `rows_seats` int NOT NULL,
  `columns_seats` int NOT NULL,
  PRIMARY KEY (`dummy_ssc_id`),
  KEY `cascascacasc_idx` (`scnid`),
  CONSTRAINT `cascascacasc` FOREIGN KEY (`scnid`) REFERENCES `screen_master` (`scnid`) ON UPDATE CASCADE
) ENGINE=InnoDB AUTO_INCREMENT=8 DEFAULT CHARSET=utf8mb3;
/*!40101 SET character_set_client = @saved_cs_client */;

--
-- Dumping data for table `screen_seat_capacity`
--

LOCK TABLES `screen_seat_capacity` WRITE;
/*!40000 ALTER TABLE `screen_seat_capacity` DISABLE KEYS */;
/*!40000 ALTER TABLE `screen_seat_capacity` ENABLE KEYS */;
UNLOCK TABLES;

--
-- Table structure for table `seat_categories`
--

DROP TABLE IF EXISTS `seat_categories`;
/*!40101 SET @saved_cs_client     = @@character_set_client */;
/*!50503 SET character_set_client = utf8mb4 */;
CREATE TABLE `seat_categories` (
  `cat_id` int NOT NULL,
  `category_name` varchar(10) NOT NULL,
  PRIMARY KEY (`cat_id`)
) ENGINE=InnoDB DEFAULT CHARSET=utf8mb3;
/*!40101 SET character_set_client = @saved_cs_client */;

--
-- Dumping data for table `seat_categories`
--

LOCK TABLES `seat_categories` WRITE;
/*!40000 ALTER TABLE `seat_categories` DISABLE KEYS */;
INSERT INTO `seat_categories` VALUES (1,'silver'),(2,'gold'),(3,'platinum');
/*!40000 ALTER TABLE `seat_categories` ENABLE KEYS */;
UNLOCK TABLES;

--
-- Table structure for table `theater`
--

DROP TABLE IF EXISTS `theater`;
/*!40101 SET @saved_cs_client     = @@character_set_client */;
/*!50503 SET character_set_client = utf8mb4 */;
CREATE TABLE `theater` (
  `tid` int NOT NULL AUTO_INCREMENT,
  `oid` int NOT NULL,
  `cityid` int NOT NULL,
  `tname` varchar(45) NOT NULL,
  `licence` varchar(45) NOT NULL,
  `screens` int NOT NULL,
  PRIMARY KEY (`tid`),
  KEY `cityid_idx` (`cityid`),
  KEY `oid_idx` (`oid`),
  CONSTRAINT `cityid` FOREIGN KEY (`cityid`) REFERENCES `city` (`cityid`) ON UPDATE CASCADE,
  CONSTRAINT `oid` FOREIGN KEY (`oid`) REFERENCES `theater_owner` (`oid`) ON UPDATE CASCADE
) ENGINE=InnoDB AUTO_INCREMENT=10 DEFAULT CHARSET=utf8mb3;
/*!40101 SET character_set_client = @saved_cs_client */;

--
-- Dumping data for table `theater`
--

LOCK TABLES `theater` WRITE;
/*!40000 ALTER TABLE `theater` DISABLE KEYS */;
INSERT INTO `theater` VALUES (1,1,1,'padama','abcd123',2),(2,2,2,'Mukta','xyz1123',1),(3,1,2,'Pride','pqr1232',1),(6,3,1,'prabhat','pqcderg',1),(7,1,1,'knowwhere','pqcdeasdrg',2),(8,2,2,'PVR','ASDF',1),(9,3,2,'Parvati','cakcasycjbasc',3);
/*!40000 ALTER TABLE `theater` ENABLE KEYS */;
UNLOCK TABLES;

--
-- Table structure for table `theater_feedback`
--

DROP TABLE IF EXISTS `theater_feedback`;
/*!40101 SET @saved_cs_client     = @@character_set_client */;
/*!50503 SET character_set_client = utf8mb4 */;
CREATE TABLE `theater_feedback` (
  `tfid` int NOT NULL AUTO_INCREMENT,
  `cid` int NOT NULL,
  `tid` int NOT NULL,
  `tcomment` varchar(300) NOT NULL,
  PRIMARY KEY (`tfid`),
  KEY `cid_idx` (`cid`),
  KEY `tid_idx` (`tid`),
  CONSTRAINT `cid11` FOREIGN KEY (`cid`) REFERENCES `customer` (`cid`) ON UPDATE CASCADE,
  CONSTRAINT `tid11` FOREIGN KEY (`tid`) REFERENCES `theater` (`tid`) ON UPDATE CASCADE
) ENGINE=InnoDB AUTO_INCREMENT=5 DEFAULT CHARSET=utf8mb3;
/*!40101 SET character_set_client = @saved_cs_client */;

--
-- Dumping data for table `theater_feedback`
--

LOCK TABLES `theater_feedback` WRITE;
/*!40000 ALTER TABLE `theater_feedback` DISABLE KEYS */;
INSERT INTO `theater_feedback` VALUES (1,1,2,'very goood'),(2,3,1,'wow'),(3,2,7,'worst'),(4,2,1,'average');
/*!40000 ALTER TABLE `theater_feedback` ENABLE KEYS */;
UNLOCK TABLES;

--
-- Table structure for table `theater_owner`
--

DROP TABLE IF EXISTS `theater_owner`;
/*!40101 SET @saved_cs_client     = @@character_set_client */;
/*!50503 SET character_set_client = utf8mb4 */;
CREATE TABLE `theater_owner` (
  `oid` int NOT NULL AUTO_INCREMENT,
  `uid` int NOT NULL,
  `name` varchar(35) NOT NULL,
  `address` varchar(45) NOT NULL,
  `gender` varchar(6) NOT NULL,
  `contact` varchar(15) NOT NULL,
  `mail` varchar(45) NOT NULL,
  `id_proof` varchar(45) CHARACTER SET armscii8 COLLATE armscii8_general_ci NOT NULL,
  PRIMARY KEY (`oid`),
  UNIQUE KEY `id_proof_UNIQUE` (`id_proof`),
  KEY `uid_idx` (`uid`),
  CONSTRAINT `uid1` FOREIGN KEY (`uid`) REFERENCES `login_table` (`uid`) ON UPDATE CASCADE
) ENGINE=InnoDB AUTO_INCREMENT=4 DEFAULT CHARSET=utf8mb3;
/*!40101 SET character_set_client = @saved_cs_client */;

--
-- Dumping data for table `theater_owner`
--

LOCK TABLES `theater_owner` WRITE;
/*!40000 ALTER TABLE `theater_owner` DISABLE KEYS */;
INSERT INTO `theater_owner` VALUES (1,5,'nitin patil','pune','male','7418529630','nitin@mail.com','1234 1235 1234 3126'),(2,8,'Vishakha maner','karad','female','8495625137','vishakha7755@mail.com','789 456 123 654'),(3,9,'dummy','dummy','dummy','dummy','dummy','dummy');
/*!40000 ALTER TABLE `theater_owner` ENABLE KEYS */;
UNLOCK TABLES;

--
-- Table structure for table `time_slots`
--

DROP TABLE IF EXISTS `time_slots`;
/*!40101 SET @saved_cs_client     = @@character_set_client */;
/*!50503 SET character_set_client = utf8mb4 */;
CREATE TABLE `time_slots` (
  `slot_id` int NOT NULL,
  `start_time` varchar(20) NOT NULL,
  `end_time` varchar(20) NOT NULL,
  PRIMARY KEY (`slot_id`)
) ENGINE=InnoDB DEFAULT CHARSET=utf8mb3;
/*!40101 SET character_set_client = @saved_cs_client */;

--
-- Dumping data for table `time_slots`
--

LOCK TABLES `time_slots` WRITE;
/*!40000 ALTER TABLE `time_slots` DISABLE KEYS */;
INSERT INTO `time_slots` VALUES (1,'09:45:00','12:45:00'),(2,'13:00:00','16:00:00'),(3,'16:15:00','20:15:00'),(4,'20:30:00','23:30:00'),(5,'23:45:00','01:45:00');
/*!40000 ALTER TABLE `time_slots` ENABLE KEYS */;
UNLOCK TABLES;
/*!40103 SET TIME_ZONE=@OLD_TIME_ZONE */;

/*!40101 SET SQL_MODE=@OLD_SQL_MODE */;
/*!40014 SET FOREIGN_KEY_CHECKS=@OLD_FOREIGN_KEY_CHECKS */;
/*!40014 SET UNIQUE_CHECKS=@OLD_UNIQUE_CHECKS */;
/*!40101 SET CHARACTER_SET_CLIENT=@OLD_CHARACTER_SET_CLIENT */;
/*!40101 SET CHARACTER_SET_RESULTS=@OLD_CHARACTER_SET_RESULTS */;
/*!40101 SET COLLATION_CONNECTION=@OLD_COLLATION_CONNECTION */;
/*!40111 SET SQL_NOTES=@OLD_SQL_NOTES */;

-- Dump completed on 2022-09-20 12:32:06
