CREATE DATABASE  IF NOT EXISTS `showtimedb` /*!40100 DEFAULT CHARACTER SET utf8mb3 */ /*!80016 DEFAULT ENCRYPTION='N' */;
USE `showtimedb`;
-- MySQL dump 10.13  Distrib 8.0.29, for Win64 (x86_64)
--
-- Host: localhost    Database: showtimedb
-- ------------------------------------------------------
-- Server version	8.0.29

/*!40101 SET @OLD_CHARACTER_SET_CLIENT=@@CHARACTER_SET_CLIENT */;
/*!40101 SET @OLD_CHARACTER_SET_RESULTS=@@CHARACTER_SET_RESULTS */;
/*!40101 SET @OLD_COLLATION_CONNECTION=@@COLLATION_CONNECTION */;
/*!50503 SET NAMES utf8 */;
/*!40103 SET @OLD_TIME_ZONE=@@TIME_ZONE */;
/*!40103 SET TIME_ZONE='+00:00' */;
/*!40014 SET @OLD_UNIQUE_CHECKS=@@UNIQUE_CHECKS, UNIQUE_CHECKS=0 */;
/*!40014 SET @OLD_FOREIGN_KEY_CHECKS=@@FOREIGN_KEY_CHECKS, FOREIGN_KEY_CHECKS=0 */;
/*!40101 SET @OLD_SQL_MODE=@@SQL_MODE, SQL_MODE='NO_AUTO_VALUE_ON_ZERO' */;
/*!40111 SET @OLD_SQL_NOTES=@@SQL_NOTES, SQL_NOTES=0 */;

--
-- Table structure for table `admin`
--

DROP TABLE IF EXISTS `admin`;
/*!40101 SET @saved_cs_client     = @@character_set_client */;
/*!50503 SET character_set_client = utf8mb4 */;
CREATE TABLE `admin` (
  `aid` int NOT NULL AUTO_INCREMENT,
  `uid` int NOT NULL,
  `name` varchar(30) NOT NULL,
  `address` varchar(100) NOT NULL,
  PRIMARY KEY (`aid`),
  KEY `uid6_idx` (`uid`),
  CONSTRAINT `uid6` FOREIGN KEY (`uid`) REFERENCES `login_table` (`uid`) ON UPDATE CASCADE
) ENGINE=InnoDB AUTO_INCREMENT=5 DEFAULT CHARSET=utf8mb3;
/*!40101 SET character_set_client = @saved_cs_client */;

--
-- Dumping data for table `admin`
--

LOCK TABLES `admin` WRITE;
/*!40000 ALTER TABLE `admin` DISABLE KEYS */;
INSERT INTO `admin` VALUES (1,1,'vahab maner','head post office'),(2,2,'vyankatesh nakate','ichalkarji'),(3,3,'aditya hande','pune'),(4,4,'sangram desai','shahuwadi');
/*!40000 ALTER TABLE `admin` ENABLE KEYS */;
UNLOCK TABLES;

--
-- Table structure for table `booked_seats`
--

DROP TABLE IF EXISTS `booked_seats`;
/*!40101 SET @saved_cs_client     = @@character_set_client */;
/*!50503 SET character_set_client = utf8mb4 */;
CREATE TABLE `booked_seats` (
  `dummy_bs_id` int NOT NULL AUTO_INCREMENT,
  `bid` int NOT NULL,
  `seatid` varchar(10) NOT NULL,
  PRIMARY KEY (`dummy_bs_id`),
  KEY `uyuthgfrh_idx` (`bid`),
  CONSTRAINT `uyuthgfrh` FOREIGN KEY (`bid`) REFERENCES `booking_master` (`bid`)
) ENGINE=InnoDB AUTO_INCREMENT=12 DEFAULT CHARSET=utf8mb3;
/*!40101 SET character_set_client = @saved_cs_client */;

--
-- Dumping data for table `booked_seats`
--

LOCK TABLES `booked_seats` WRITE;
/*!40000 ALTER TABLE `booked_seats` DISABLE KEYS */;
INSERT INTO `booked_seats` VALUES (1,2,'A1'),(2,2,'A2'),(3,2,'A3'),(4,2,'B1'),(5,2,'B2'),(6,3,'C1'),(7,3,'C2'),(8,2,'D1'),(9,2,'D2'),(10,5,'C1'),(11,5,'C2');
/*!40000 ALTER TABLE `booked_seats` ENABLE KEYS */;
UNLOCK TABLES;

--
-- Table structure for table `booking_master`
--

DROP TABLE IF EXISTS `booking_master`;
/*!40101 SET @saved_cs_client     = @@character_set_client */;
/*!50503 SET character_set_client = utf8mb4 */;
CREATE TABLE `booking_master` (
  `bid` int NOT NULL AUTO_INCREMENT,
  `cid` int NOT NULL,
  `mid` int NOT NULL,
  `scnid` int NOT NULL,
  `slot_id` int NOT NULL,
  `booking_date` date NOT NULL,
  `show_date` date NOT NULL,
  `booked_seats` int NOT NULL,
  `charges` int NOT NULL,
  `payment_status` tinyint NOT NULL,
  `payment_mode` varchar(15) NOT NULL,
  `booked_status` tinyint NOT NULL,
  PRIMARY KEY (`bid`),
  KEY `csdcscsdcsdccs_idx` (`cid`),
  KEY `dcsdcd_idx` (`mid`),
  KEY `cdcdcdcdcds_idx` (`scnid`),
  KEY `asascascasc_idx` (`slot_id`),
  CONSTRAINT `cdcdcdcdcdsqqq` FOREIGN KEY (`scnid`) REFERENCES `screen_master` (`scnid`),
  CONSTRAINT `csdcscsdcsdccs` FOREIGN KEY (`cid`) REFERENCES `customer` (`cid`),
  CONSTRAINT `FK2xpesk50qn656ikkhyc4rdcti` FOREIGN KEY (`slot_id`) REFERENCES `time_slots` (`slot_id`),
  CONSTRAINT `qqqqqqss` FOREIGN KEY (`mid`) REFERENCES `movies` (`mid`)
) ENGINE=InnoDB AUTO_INCREMENT=6 DEFAULT CHARSET=utf8mb3;
/*!40101 SET character_set_client = @saved_cs_client */;

--
-- Dumping data for table `booking_master`
--

LOCK TABLES `booking_master` WRITE;
/*!40000 ALTER TABLE `booking_master` DISABLE KEYS */;
INSERT INTO `booking_master` VALUES (1,1,1,2,1,'2022-09-22','2022-09-23',4,480,1,'UPI',1),(2,2,2,3,1,'2022-09-22','2022-09-24',5,850,1,'Card',1),(3,2,3,12,1,'2022-09-22','2022-09-24',2,0,1,'Card',1),(4,2,2,3,1,'2022-09-23','2022-09-24',9,1530,1,'UPI',1),(5,2,3,12,3,'2022-09-24','2022-10-10',2,840,1,'Card',1);
/*!40000 ALTER TABLE `booking_master` ENABLE KEYS */;
UNLOCK TABLES;

--
-- Table structure for table `city`
--

DROP TABLE IF EXISTS `city`;
/*!40101 SET @saved_cs_client     = @@character_set_client */;
/*!50503 SET character_set_client = utf8mb4 */;
CREATE TABLE `city` (
  `cityid` int NOT NULL AUTO_INCREMENT,
  `city_name` varchar(45) NOT NULL,
  `city_pincode` varchar(45) NOT NULL,
  PRIMARY KEY (`cityid`)
) ENGINE=InnoDB AUTO_INCREMENT=3 DEFAULT CHARSET=utf8mb3;
/*!40101 SET character_set_client = @saved_cs_client */;

--
-- Dumping data for table `city`
--

LOCK TABLES `city` WRITE;
/*!40000 ALTER TABLE `city` DISABLE KEYS */;
INSERT INTO `city` VALUES (1,'Kolhapur','416012'),(2,'Sangli','415015');
/*!40000 ALTER TABLE `city` ENABLE KEYS */;
UNLOCK TABLES;

--
-- Table structure for table `customer`
--

DROP TABLE IF EXISTS `customer`;
/*!40101 SET @saved_cs_client     = @@character_set_client */;
/*!50503 SET character_set_client = utf8mb4 */;
CREATE TABLE `customer` (
  `cid` int NOT NULL AUTO_INCREMENT,
  `uid` int NOT NULL,
  `cname` varchar(45) NOT NULL,
  `caddress` varchar(100) NOT NULL,
  `birthdate` date NOT NULL,
  `gender` varchar(10) NOT NULL,
  `ccontact` varchar(20) NOT NULL,
  `cemail` varchar(30) NOT NULL,
  PRIMARY KEY (`cid`),
  KEY `uid2_idx` (`uid`),
  CONSTRAINT `uid2` FOREIGN KEY (`uid`) REFERENCES `login_table` (`uid`) ON UPDATE CASCADE
) ENGINE=InnoDB AUTO_INCREMENT=4 DEFAULT CHARSET=utf8mb3;
/*!40101 SET character_set_client = @saved_cs_client */;

--
-- Dumping data for table `customer`
--

LOCK TABLES `customer` WRITE;
/*!40000 ALTER TABLE `customer` DISABLE KEYS */;
INSERT INTO `customer` VALUES (1,6,'Ramesh Kale','sangli','1997-01-01','male','7899877899','ramesh@mail.com'),(2,7,'suresh gaytonde','pune','1991-02-02','male','8989878789','suresh@mail.com'),(3,10,'dummy2','dummy2','2022-09-11','dummy2','dummy2','dummy2');
/*!40000 ALTER TABLE `customer` ENABLE KEYS */;
UNLOCK TABLES;

--
-- Table structure for table `login_table`
--

DROP TABLE IF EXISTS `login_table`;
/*!40101 SET @saved_cs_client     = @@character_set_client */;
/*!50503 SET character_set_client = utf8mb4 */;
CREATE TABLE `login_table` (
  `uid` int NOT NULL AUTO_INCREMENT,
  `userid` varchar(45) NOT NULL,
  `pwd` varchar(45) NOT NULL,
  `role` varchar(45) NOT NULL,
  `active_status` tinyint NOT NULL,
  PRIMARY KEY (`uid`),
  UNIQUE KEY `userid_UNIQUE` (`userid`)
) ENGINE=InnoDB AUTO_INCREMENT=13 DEFAULT CHARSET=utf8mb3;
/*!40101 SET character_set_client = @saved_cs_client */;

--
-- Dumping data for table `login_table`
--

LOCK TABLES `login_table` WRITE;
/*!40000 ALTER TABLE `login_table` DISABLE KEYS */;
INSERT INTO `login_table` VALUES (1,'vahab7maner','Admin@123','admin',1),(2,'vyanktesh5549','Admin@123','admin',1),(3,'aditya11','Admin@123','admin',1),(4,'sangram1492','Admin@123','admin',1),(5,'nitin','nititin123','towner',1),(6,'ramesh','ramesh123','customer',1),(7,'rameacach','ramesacasch123','customer',1),(8,'vishakha7755','vishakha@123','towner',1),(9,'dummy','dummy','towner',1),(10,'dummy2','dummy2','customer',1),(11,'sacacasc','cascas@fafa','towner',1),(12,'sacacscasc','caasfa','towner',0);
/*!40000 ALTER TABLE `login_table` ENABLE KEYS */;
UNLOCK TABLES;

--
-- Table structure for table `movie_time_slots`
--

DROP TABLE IF EXISTS `movie_time_slots`;
/*!40101 SET @saved_cs_client     = @@character_set_client */;
/*!50503 SET character_set_client = utf8mb4 */;
CREATE TABLE `movie_time_slots` (
  `dummy_mts_id` int NOT NULL AUTO_INCREMENT,
  `mid` int NOT NULL,
  `scnid` int NOT NULL,
  `slot_id` int NOT NULL,
  PRIMARY KEY (`dummy_mts_id`),
  KEY `mid224_idx` (`mid`),
  KEY `scnid779_idx` (`scnid`),
  KEY `slot_id745896_idx` (`slot_id`),
  CONSTRAINT `mid224` FOREIGN KEY (`mid`) REFERENCES `movies` (`mid`),
  CONSTRAINT `scnid779` FOREIGN KEY (`scnid`) REFERENCES `screen_master` (`scnid`),
  CONSTRAINT `slot_id745896` FOREIGN KEY (`slot_id`) REFERENCES `time_slots` (`slot_id`) ON UPDATE RESTRICT
) ENGINE=InnoDB AUTO_INCREMENT=91 DEFAULT CHARSET=utf8mb3;
/*!40101 SET character_set_client = @saved_cs_client */;

--
-- Dumping data for table `movie_time_slots`
--

LOCK TABLES `movie_time_slots` WRITE;
/*!40000 ALTER TABLE `movie_time_slots` DISABLE KEYS */;
INSERT INTO `movie_time_slots` VALUES (61,1,4,1),(62,1,4,2),(63,1,4,3),(64,1,4,4),(65,1,4,5),(66,3,3,1),(67,3,3,2),(68,3,3,3),(69,3,3,4),(70,3,3,5),(86,2,1,1),(87,2,1,2),(88,2,1,3),(89,2,1,4),(90,2,1,5);
/*!40000 ALTER TABLE `movie_time_slots` ENABLE KEYS */;
UNLOCK TABLES;

--
-- Table structure for table `movies`
--

DROP TABLE IF EXISTS `movies`;
/*!40101 SET @saved_cs_client     = @@character_set_client */;
/*!50503 SET character_set_client = utf8mb4 */;
CREATE TABLE `movies` (
  `mid` int NOT NULL AUTO_INCREMENT,
  `mname` varchar(45) NOT NULL,
  `minfo` varchar(100) NOT NULL,
  `cast` varchar(45) NOT NULL,
  `type` varchar(45) NOT NULL,
  `release_date` date NOT NULL,
  `start_date` date NOT NULL,
  `end_date` date NOT NULL,
  `language` varchar(45) NOT NULL,
  `poster` longblob,
  `tax_free` tinyint NOT NULL,
  PRIMARY KEY (`mid`)
) ENGINE=InnoDB AUTO_INCREMENT=24 DEFAULT CHARSET=utf8mb3;
/*!40101 SET character_set_client = @saved_cs_client */;

--
-- Dumping data for table `movies`
--

LOCK TABLES `movies` WRITE;
/*!40000 ALTER TABLE `movies` DISABLE KEYS */;
INSERT INTO `movies` VALUES (1,'Bhramastra','Indian Hindi-language fantasy action-adventure film written and directed by Ayan Mukerji','Ranbir,Alia','2D','2022-10-05','2022-10-15','2022-12-05','Hindi',_binary 'RIFF\\t\0\0WEBPVP8X\n\0\0\0 \0\0\0\\0\0$\0ICCP\0\0\0\0lcms\0\0mntrRGB XYZ \\0\0\0\0)\09acspAPPL\0\0\0\0\0\0\0\0\0\0\0\0\0\0\0\0\0\0\0\0\0\0\0\0\0\0\\0\0\0\0\0\-lcms\0\0\0\0\0\0\0\0\0\0\0\0\0\0\0\0\0\0\0\0\0\0\0\0\0\0\0\0\0\0\0\0\0\0\0\0\0\0\0\0\0\0\0\0\0\0\0\ndesc\0\0\0\0\0\0^cprt\0\0\\\0\0\0wtpt\0\0h\0\0\0bkpt\0\0|\0\0\0rXYZ\0\0\0\0\0gXYZ\0\0\0\0\0bXYZ\0\0\0\0\0rTRC\0\0\\0\0\0@gTRC\0\0\\0\0\0@bTRC\0\0\\0\0\0@desc\0\0\0\0\0\0\0c2\0\0\0\0\0\0\0\0\0\0\0\0\0\0\0\0\0\0\0\0\0\0\0\0\0\0\0\0\0\0\0\0\0\0\0\0\0\0\0\0\0\0\0\0\0\0\0\0\0\0\0\0\0\0\0\0\0\0\0\0\0\0\0\0\0\0\0\0\0\0\0\0\0\0\0\0\0\0\0\0\0\0text\0\0\0\0FB\0\0XYZ \0\0\0\0\0\0\\0\0\0\0\0\-XYZ \0\0\0\0\0\0\0\03\0\0XYZ \0\0\0\0\0\0o\0\08\0\0XYZ \0\0\0\0\0\0b\0\0\0\0\XYZ \0\0\0\0\0\0$\0\0\0\0\curv\0\0\0\0\0\0\0\Z\0\0\0\\ck?Q4!)2;FQw]\kpz|i}\\\0VP8 *r\0\0*\\0%>=C\"!!8 ĳ\0Y\0}8ר]\\J\\*`w\\U=`e\\\\\w\w\？\\\}?\C\\\\d\\n0[\I\?y\ۣ\~_>.\使\ŏB?\"\\\\\#\?{\G\\z3W\\'?\CϹ\\L\\0>k}C\?M\\[\ۏ\\\cwO?\\\O\t\\oo\\C{r\]9b?\\R2Zs]\\\ \\[qa\c\\aTE_\=0D@\KwL7\\\+1\yH\G6\'/)VK\\\9p\RX\>\\\ɬ\c\\"B\d$0G*\nF\h:b4p|\\k1ai\V\\\~\\\	@VV\B\\a\AVid\w&\o\Ç\\nqTVQډ@-)ju7}A\n##el\Ɠ.RV/^)nFt]zAv_̑\\>\P}g\55U:AtON&~c`kL\Dk^snK͗G\K\"fpFs.b)xC_\[T\\\\\\\>Drgx\\꼯s\*j\r(\U3h\rQ\r\j2~\.xgFLzf\'/CtknR@\~H9\Zr\\\r\Ǫ\c Cgi*I\jh\Z\\#T\e#Sze\\n&QG	\&\(.I\SE\r{3\#i\Q\?\$/r\wڀ\\*4\\p]Z\\	(*i\rŊ\Dm\!\\"Dbˁ$d%-\\\?o;fϩ7o\%]#yalIk\)$evBCc\^\!PK7鹡3\'A2\ݷ	EyUWb\\B6vVu\Y`/\gj\DG5SNyo\SͿә$ѡ7\GdC\'\61,~\'\\%((KX\q\Fh(\\kC@n\ǐN\Lwc_\%ŵf\%n\mY8$\\N\hŏ\v\\\$1>D\Wӝie\7M[\"<#E\\n<ԍiU\\Z\\^: U+\\8\0҈;h\՗rCv\z\柈q\X_|0ƍ\ļ\Xq`H\y\Zb$޹9uІKE2ST1n\I6X)Zɢ˘*ͥyȂ׽\`H+4\\\#\0\\\ݢe\{\'0Q\vp[6gq\r7\P\J$3_VK֔]-\\b3MG\\\q\\r&$\'~l<\'8~y.\\c\^1Z||K\_\Z[\M\r\Z;MzW-b\\"]MU\:\<$w=\rvLԺo|G\gW<K@2#\}\]\ܖD{<\\[\r:#I)@\Z\Oʪv4\:js܈/Fgmׅ>|\v<l\t;LJ=ͣz\\\ߝ÷\ảLC1&:\\X[k#ɼstcΐ8\i߻=  \\g TTxr6\y\wLwZgH\X\Go\:B\lgk(>\\;h\\\'\qI\عԑ\)\_INÂ\p(ؔr7W\0:q	afc拯piu_W. \噺a\Q8ML0﵂f\#3!z\'\\Đѿ`	g\dOw\FNhE&\\Z$\3J\svWMP7Nxރ3\\~s\-}\3`e~X6\*\vs-ؙ;\\\\\\\66gI0[ק(\\߀\0۷vNE\rG=f\\'ji\;\\*x\g+\0(\1ͶB\\\T\i\^ \g񃀍\Wɩ\\\\_.K\\\\͸{\S\mNC\08}\\!Mu\\gAgn\9Y݊Aԛ\\y\\Z\Q!a\>;pܱ~\r+F{*P}h\!\r<ߜ\\v1\I\Z\]\8Ue$1\0^a7\/N\5\gG\n|gqhR\>U\|!\\\\rPpd~CNw(U\=f~GM1.\)J\N\nfb^k}yA\mw;BĝZb5ݹ\\\\"besvT\Y|\'Y\\O2sG{.}\w$\\M\\A9xnCip˺\!\D4YЂџ!׎OWVԔ䓵|\1\vj-VNη\\Zuaŧ\F\n\tq\g|zqe2鯶d>\\uKbtP$\\>̚Fi\}ё6y@\n\\LZ\Ã\{\oD%Ro@\vq\'eþ^θ0ٯٞE\~#f\\rw\	;$\\\\*:ް\lD\XᅑNP\\kvcH!\\-Zh~\mia.%$\\ŠG6\"׀ \\\\'?=cC&q\!۝&sϮz\Ē.G\\BH;`Fw<\0\ƕgb\\93<@\H\nlRVߗMX\\'.ٍxK|ls(~jx\6~3y\r\K8t\\\0\\f/H\r݊yJv\\A~l8y&P>\\ԛ\H\-rrd\aq8fN\)X\߅Zq8`ɻ呤\\\Z(UtFYB|J\x1\?e;\Miek\mP^eOy\\^pǖ.qB\&\re}3\"&YSK\k˷RB-ѧ\C\\\\\1~/,=	}rvY\\"$XY\0L\\x\\/MĮ/,߇Y\\R~T\6\Cs}\\}}VO&M񘼽{tRze\Ze<\sUy\\wuirC\(vD^fC\M]֞=坸\Z]]9c8\bj&0raM~݃lC^9\zo2#O\PE\5s\\\'t$O\\Z6uDN@>m7xm\?n408B6~\^v\v>-=\ZDu_Yơy\!limI1K\'q!v\&eڦ5[?_@\:/P\R%؏#\n\8̘A\J\물\\\\D\d;\\Oڊ.;\w\6*\  I&#\1(<\Յ?\6\R\}\JBs4\fojլc\p\fʾ<A\<,\6Uc\)X4\\\Lc5k!OC?\\<Buu]/5\XW\\謉c\[s\q5\$\r!\ZyXTTW9+\\h<\ \ե\rG\Axl2M6U\\2v*\*\\<V\v4;\#z\4r.\}.ûe\0\\\m\\ۻ.D\r @D\#\)\\0)|:$\%\kY{ü	/\x%FpH\A9.)ɳ\'y!1xBpmKS\iQ#Si\L$3L&2KK= 	y4\Z%})\燧x)1\|\\"\rc8\hׯc f츦\߰g7\$}gЊvO\|\p\,cp\\\\w\4\" <̋k1\`Z,&b{<O2\]#?jq\P^7I#X\E&3I\Й臉\T!8b\y\sc\f\'٪ﷰO#\'(j\!\\"T\Z_apJ,R\ $dT\QF\f3\|rO(M}:\fv\jϘ\6=\'G\\\05jP̲/3\tU^\f\l\Z\W-F]\\Z*L\\^KN+\\\"A9\\ZZB\\M.1 (Rdweq\wI\w[7%(o%a2?/|Jhc$h9@Y\'\\"\'Yݪ˅Ʌan}ﮪg bg\ZM\^Ә\\ڿ>Qi\ni\?G3\e!\g\\9rkL\yg\rwk,/ϭx4\`ɥ\EO\c\+?$\w\'X5V\\:\Z1&Ǚ\g\tc\G\O\Ne[A\|2\D8[%pSXl\\pr\NY@l\\Z\\DT99\̰ƒ	)|j{3r\fZ\\r8\A~W77/ΚS\\e\n\\݄\$XM~%𽯘\\X\b!\\v\v7@\nY3ʏ\.\\`=n\:3\Z\-$l|ھuM\]V*\n\peJt^\2ҧsz\f\\\Ná3\"%1}\6U\\Z\L\~p r\û\&hBI\\UR?>w\v|\\\^j\\2\jf9-eڰ)wS^g\ru<\{Z\~q\j;J_\=\8Q;\ʺ&\r\\ZR\\\y_\:\,=^&`ҌwX\3`ȝէ\\UH G>Ӻ\\+ &R\%\^\j*~\n\v\Λ_gV\r:1\\`\Ez3fuS[p\&\t~kJ}j$\V*1Hϴ\6\\uP+\lZ|?ʷ\G/vI7g1g)M<L;kŢI7@bk(vj\ӕ/`;9\P5X2Sc\'.^Guq8 Qqڢ\\02s\->8|\r\j9\\2\Z\\\g\'^<\C \gOM^0eJ\\$\\XN0xQ\r\"4\z\\\7\h΅\ϤN\z\H2)d\\\\~a9PN\Z\\'rEA3Q(\\\\\o(\Xyx[\"$\PYO׀Fԋ\#\ZI\Z\~w7lo\3\\~r\x_\x\\\\ :XR\,6[R8|i\\4\(\\0:P;z]P%\"Qk\9\\*AH\9\1鳇\lw9p\'ޘ\[y \\D*\P̭\Pr\'!ɀ\u\-Upqh\\O\A,\.(\@쐐TM\:\\ɺᶔ\\\p\\"7iu+\\\e\s8W\\=8ߓ\4\\:\ٱol\RGn0\tm/\*Yb4ˇ!ߛgvH,\\q?q\fS#+a\,`\*\\\rp\f/\|YͩgU1	=)F31*\)\Ez|\7.]TK\\\\0c$)+P6\)s4\\\\[p!q:_\e\\P8\#q[\[Y\>zNyA{q\\pm-REY\A>DR$iE\jM(\:JF\gF\\ 9\\\8y7^,\\Z遫OmS$\rn/ݞ|+CL=\BIw3RiO\\_̅WBYH\7\i		x\5fȦAIov)\'K\n&|}ʷ9Q܍\ƆqP\}η\YC:\f$?=3U9`wd\Z\"G$&O;\9\~\\	v\ڂ16\r6ijų\՝ڕl.\'e\݉{WNd\yPM\\xK\d\\~8\PĞ\6\=Wz\U#\nǳ\Q5\0(+8>m\(\h揧Ϙ\0¢[\\\Z?HNu\\Qy8X\B	⭎Af=\t\VHJ\\'\oS,&2\yTTF\iʈMVB7Ĵ;H\XT\`\0\1\P	|qSC&sL25Āȗ}\>ݾ\Ǖ	\5mO\}~$7xF)cצe\kX\0\\\\n!pmk]nq)+B#ʉJس\'@\mA\ZM{\\\\NC0kD]\清B\Ȗ\]\qL)K#\/mm\"S+YTm\`\\u_F\kǚP\(o\	Tj}Q\\\XpILg\\j\Z\۴\_٨#\\'ZS\1\a\5\\$*gl>y=_\x\\R\Aa\Z>\S-@ԝs1\\)oќ73` \ϧ\zhG,pp\"Q\\҅D9rԅ\n\ڏ,XFcmLI\H\\Gݧ\nR܂!\BxG\\Cqw&@ANn`n>jiBun)\"\!;Q0\Y/s\L\Jo~R\Ƕ\ZH\ߝ\}JD#,\H\"Uӻғf\\iOt\>\횻!ϟM\\zy;\æ5i\\n+\,xҕ~e\x!\r[\V\\&\o=\\Y5ͳ9\\ۣw4\Ix\\06\"$U K\Z93\\Kl[=\r\r\\rbKwe*\-5k6xșS\A\c\I\\Z&\,\\̟\	\,X\6G\0/nm\៘-5]1xn,E_wp\"gZ\Wb\?\g\8N&S~Q<Yв*\Ka\nWۂ˺\{F!ٲY@ۇ1+d\_\0cz\A=ȍW`\I\nʀC;\\Ed,y\^\W<i\5\7\Q_s\\4uӂ\A^\\dĶEX\\"JiHn$%	>!^\	\h8@is5\\nΖPMD\r\0b\|\Hk\`6܋\C\\\ȓ\HH\re\Q\NP_YSjyivſ,E\'\J\H^q\\9w\0b$щg0{q[N\!Qُ \n8H\n2j>\5=Ͷ\\1J?\'\S\ZM*myq\\\#M\k\`u*}=o.\q`\\tu 2\}\;(Ý1ZȤgJ?\<6Ɏ1\\sK8t\\\Hχ4\\!\w\0\RԹ;4\ǶȮz\ڳE=\'\*H2\\Ǩl\z\?4wܟ\\x\\RAkSR-m5[|\1\ʒ	q\\\#z\g\?P\-A#tD\Թaz۝DI\pfG\Rƽ;\n\\ÎA6x `$/ʐ\:^\+VM4\\_	OYzy\Zٮ\1\\ți\J\\i\05\"	<|\TUcG)\0EdzH\0St\,)\O/l$\\h?\\%-\[6d\/Fg6\"mR#-\0|\DU£J|BG\"\\\ʬk*E=	&煠K[Z6qڻL~\33kgWE\yJ\[\\Z\~\6$c]yיo+s4C.>ubџy\ծR!m\\/\Ў0Fv\\Z\ZŴ4@Jq3Ko{W\Ut@A\S|B>\\ΐs*:jv\b%\jR^R|\8\\0` PǤ+\@3~\O\#	\\\\μ*5e\2\+͚FR\'n\\%\\5\\WЙ\͔DUlBi}XT\\MAc 1ř\g\K:A^B^9b^0\"_\p_\\ƑH\:\r2q͠	A\\\iBZ8	</0{\U{z-\P?6\e\`-ϲDX\\@4a\0i2\\\4i\eޯ}QB\r~\0gV70\Z&\\c~4&b\\9B\C\gZ)4O<\z+_+\Aݸ\`\\rs{%\\LOG\}i\`\nvD:@o}DȊŘ\Z!\r56\!\\\g\$\O՟\u\9\nL\KT}g\f\\2@\\\*//\8,_\\\% >ϰ`o?\\U\'.z\(\\W,1y\*ǌ\\n}\\r\OB\ZFi<@/\μe\\'f@\\J@\\Z&>Zlx\n\A\\"uÃ]\TE\A{mѶ=Qh\1\\+椌\D4ίZ?q2rC\֩>T@tM}z62~EN\\\\\:\Cm\9J\\)t\\\\[@)\0^bD\\9\\#d\@\\\#v*Á;dvt\(\rW\\\\\<tQ\Ķ=&Aצw\ǎΚ\wOڢ+d|#\\\yr4Q\էOb-hP#MI~{\V2\\4\ѥ\f,h,uȖ%.sW6J\P*lP\"\hq\$\AaS\0GxE{TD80@>\\h\\\\";\\\R\w\#3AU\h)ׯOmtF1\ fMhgc\c\u{B\.XMl\^<\Cx\0\`/\\8mc\\0z@r\\j\MUx(\F\nƁh3ߺ*dY|Q汱qNHr1g\\w\,U\Iw}-,\n\(NyV\*\h?W\\$i\n2$\n\\9\\0 \`\;\n\qpu1.\\Y\(\p)걠{s\,,\\0\3\\,\}\Ƌ\\TJ-l\\K9fO\5\Z\@~X5ж}\I?OʔN 1q`57}Oܫ-Tog:/IB\T,\FTQ\g2<\\\@\2u<\\>dy\$Y@ۭ\gb,_q(?p\bHו\\-E-\\R\~l~K\\aV\[}\\q55ڛ3CM-\n\7`%10nƳ@d\A\onD&gD	Uz\@\38/@Q4\\\|v2Bi\ilO$\\Z/\\0mU\\Njj?jP\\Ql֔\\\\\ÿt\'zt\ݕσK;h߶\XQ\žİk+\\+?\"pXԊ+T\\'!\\\l\KǢ2\p7m!ep\'t\OgU}V\\\\\]f\\\^8\[Q\\}.`)N\X22kg`\\0QX2\\\V\jZm[h\WhHS\ZPgɧ\Sҟ8\0O6?u\\\\.Phg	nh+\n\\ܖ\\r\\S&l͖t4]0B\v\0cw<0~>\\/\\Y\2\\nm\\+\򃫐\UV_\\~\hy\\.\p\"v.\\&Xn\upT\\\m\Ea\\j\\V#\\<\ˡ|$n\\ݹi\HvO\r\=ve\zb\Z\y6m\@A\'B:s^@xKbsP\}>/\@\rv6\GZr(qTLH\ҞB\\Uyﲛx;Ʃ\$K\\CP\r\r\\?8D\e\o@\n-G\bo)#\"\\l8D^ EyU\\~\caTy]\\"\1P\GBU9z(\\n5KZF\gj5ТAH\Z|\N\~.[\\ޤ:(@\?u\8q\4i\uTz^3+N((\\g\s\\&ƭ{\\n\\6q\\S\F|9\Mv\\*\\04\ՠ\\:+O2\B CP7\>\huXOmpjI<;\ҲLM\n\0\y\fDXRʭ\As7tdm]Z;\\0U\38QQFnnwh#\<Iyq\1*{7$q$+t\ZVk?\[\($zӶ\Z\2cNgVwqc\\%+Xom>~icِ+5\-T`#^Ah>\\ő`_\'yC\#a\g\Yn\0~ЛdJD[\nu\m\p\[\º\\\מּw\[e|$.;\\\h1J\.@+^o\%5\[\qج\\"qn+ZRR꡵t\H G1\K\\$a\=\\\=0if,df?&R3Ty9a\2\rI(W\?J5\n\"\\!95Qv\A\޵\.\\'?j\rTq0kɆ.]y2\\$+\W4~;)*[u\W\_i\\ٸ64h@)\bKx\\NKHT!Y\e2:]k\\\\\\\t&\Z-L\:oa\/%UϘsX\#mkIkETnf#N\_R\S#+Bp֍nM<\F:nl\%f\<<\ɚ\ UNǒI8j\%[ܱ\d\\\] D֩\\_Ew\nX\`@~3O@Y\\\[\\ AQף\\jG.@\ho΍ߏ\K_c\j\*\.0=\\)\\X#\N_\,Rٜe8}-io _\\i\l1Kq\rڱ\֦6.VV\pb%[ /4\4t\اWXm9:h\Zf.o\Zb\g>Y\Iva{2\\>t\&\\Ű^^zyj	o\0\[j&C\r0Bnʴn\k\n\rO>\W\$>l\S\4棶KO\\\<hVD\0\H3\]_\Z+0f_\\L3C\\"%LAM\\\FVڈf塧B\NQ\\\mq\:7\"|\rVg\3\0\$\Ô\\r^vNqz\\z:\\nsNق+\/:\\nN\p;<B@zƁA\\`vg\ k \r\e	Ե\"\\0\'>D\fa\t\\0\\?\Z~~,&uꦩC\:q.\H~/eٳG\-\KY_3C\\\0\Td\\ x1{\\L\+\"T/;iKl\mB`k&44o\>\ZO 8Wi.,ZE\$=T9\nmW¥{\!>߿Ϳ>>\:\Zd\\|=r4oA<\1y3\-r\!I\A~N\X$u̟\e3\PD+\\Z-\M;C+\޷\eWsPnϵa\G{\\a(JYHu\\,h:\9_m\\'\P~\6۠\z,\\ՐDUP+y\a\ȷq\r3M\\-\8\\ZP\[A\`I\^1݁\rN-\\z OJ\\%;\dC\m\\EM\\i\sΡ\[T P30,Sw\\\J& ZE2\\\\Ҋֈ\A_XAͯ2؂\{+M\\r?^l$W vCϰ|Ta#Ov\a\\`\S9fe|5ݓE)b\Kry*j+]A0\\nSP\Ec\\|s\\vutL+s;ԧaS\EdIIJSQ{\N \5HL$\`!z6\\Nl-\no\\=\\ncy~[x9k+\'\0v\LV|pz\[Ձ\r\0e\I&jlz\;[n#5\\ZЌNf}J\Z\\N\\\\\m\0z@\\wn!H\,5j$SH~묊h.38\d\H\픤D\Z8Ao\F{DLsyA\i\Ǒ88\_Geye\7×+XMvݐ\˘:fM8;n\!-^\nˡ,<Qc\[]\\\>F<ROY<m.fC1)L\'37\"\#`18t\3OJr`D_/qǇb/\QYB֑GI\\"+;8r`A\M v07\\\AO^Cl\\\Zg ;xx\\c\d\	_4\:#\Ҡշ\_:\\\zs\mqF|ftf-5\\{>It\\Dv\\"\FD\e\J\ C6\^pQ\r\jJ2`{\\:nQ_,Ż=PF\\u}ޱC\\\Y %F΁H\\\?\ZwT+\M<(:\~(#Kz,B\\\v\x/\'\nzZ_\@Ipb\0C\Z!9n˟f߂v>^wnx\"\\\\&c.T\^Ź\\\C3OqI\\\4[ⲱ7\\\\	O\/T\",\/84k6[x5̨3qe(`\4\\\\Pd\'\\r }ڲ\51JA>2 1|ECeq4%|\\\ç(\~#W\eM@\4&yQXg\\	\'\o/>\UĊ\a\"ִԋ&Ϯ\\I\h\)\j\k7\\a8EHW;CY7vx\\~p(.ڏ\B yD<X\\f\ \c_CG\7qA\W(\訤\t\GO\lVehJB9\_\5|\'~I\&J\0jI\"{\x~V\[\#A\\\'\rq\W&l\M \d@Ѕ9\e\\\\\N\\\Er\)ʋ\fhQ[\\n\_5iB\n	ʡhy\nIer$dce\nm!\G @(\Z\\H<mk9?#L_+Mف5\\'\FV \Tt\H\\Ⱥv\l<?\ObFPyQBa;Er\\n\bp^kh5\Fs0S`]+k6˫\T9n03/\\\qS=3\\\\g\T(΂\H\n4$Kv.\ZqyX2\\"-K\'E5*\v\rCp?\ng\:I[\ZC=u\{S\\rOB%Lj\F;eL\\r>Qd\\n\Z\\\\Z󶆁7\\)M-\\ʶup՗l\\\C\\\\\}N7z|\)\B\\M~+\{Ԡ\aeiaHnAN\\\R6@гF\\\'\uK[5D`\=	\.N{\8\ \OXvOv\\Z~T\\l\\mAePާ\V+\nZ\\gqۡ\\\3\M8\\z\&\\@|f\i\jy\\\\f6ZvB 1g {)7oVtCg\`z\"CA\Z3p	05\W;\ZsAB~T\n{ϡԽ4;\\8W70\\[澅\n\\NY ʨNA@v\6ȩ\Erma\(\1 ̈́(h\M4\J\Je\S\G\\\"\k@tunHx}i܁\\\5nUC7q\qU*0:\;&.L-\Pq瑚s\<S s4^\p\ّ\`( =Dc\\\&㜬g/g.\'|[}@	\rs\Zx}$S\\0c\?$8̀\­\qHfs^\\ckOtCBrA\n\0pw(\"ܵ#\FTjQJ\W1Z|tk7:\u<`H\@Ezq\^{\]w%\&\iqbח4c\r`zH:>n/3\,\\X-\\}Nu\o\a08ƻNYb_Dw!96\d&>hX\'FH\1\\\a˨<JŨ֜Dwd`8c\rqHإK\n?/I_H.\Z8\Z	Ҋ\\T\t\qRadi\n\|{]bk5\`VS!I\A]I\\EJ=)\FK\\v\y_TH&߭zG\\\p+j\\\\.u\\\\\)E\]<iN2^=.ڗ\Ӡg\\];iĽHҨ*\@S[?\OZg\nHS\ޭ\~\̒wR\r0TM}\zLqd^/N4\\\C!\\*w\w\\\wvGU&ݍAFu+٨=t7jvB\\(k\\Xp\\?l\f;-XJFw:mefdW\=/t/Z\&j\7sǴ\*9I!^\cCN5n\Zr0k&?إ\\:Ɣ\\=R\oWnI绊	W\W\\n\`\\\Y(\9/%Ad\Gwn&I|f\\"%JRYUN\Ac\o!ז\ҙg\)Bs@^H9N\ 8GL0\)(qߩ_\\-\Տ\\	\\\\ҙHd4bSݶ\:/-n\\'?<~2_	\\@!5\\9R?Eg7MoPPׇ\ch<\fB\|\\<\d\V9;\\2\Z\\\\[&o0dq\neb4\\is\f\\zq6J4iV_\Zͩe8wM9 c)\h\\n\\@\\rw\\EGVo\Z,EN\Rˁq\'_\'>{9\GH\h\q\'\"f\\h\c_Ǧ/ܰ˘m\0;5Vr#U,\[Rd)y܀9o>;Es\rV٧7Xv\\\\\z\Z:w3\ǶD\U\@wQ͠\m\${$U5C\\\n\Bm<!?\\g\\\r\\L_W\pS\Z>\I\\\\I\{3$dnk\M݃\@xd\s\\^\w\<1\#Cgܰ7p}ٺg,\\~\PD(\=V!^o%,l*[)EH>	\"/\{o=n\_Ӷ=\\M\N\Qh?\\8\i\h_\pQpQ\\\9Gy\ߎ\ҝ\\rN)<kD|WH\_3\\ \+\Q\wn\q>3C2\rm\'f:D\\	\\Wޅe\ɻ(@\ڔW$\\rO	چ\_ф\e\\4/ \O˷j\%\G\7LRe=\rG\\W\{!y~\u\Gd\ۘ=\\abD\\{Fyl	͵\ft;G\#[\\֐FA\\\톨\ޮ\=1UE^\FBu}\\\_\"CY\'\"/|iA+o8\S\nД(\\\Dd\\0=\&v\ݧ6\-b|&n\\\i,ϸ\dkm\̿I\2R\у{XӐ\]P`]z2`X94Nou\\\eryɊ\n\K\(\*Mu2\b~\r\\\E\[Vo6RZCJ{}fY\c\l&{U\O\3\\a\oİ#OPg\U\ض\7<\o8g_\(\& \`t\Z!I\\vz.\\M𷙙9%c\vB\\~J+UM?\\\Za5^k\\\\\n\5Ɔl%#) \0\0\\」E.|\MPqD\\\\;J;R4\\× KeӜpD{\сݽ%*\\\\n3\\倬Te.Ms\\)@;[<\-\\r$\sմ]^\r!\+ꈝgV^o0X\2\\$ꥀD2\\Z9Al@YS2\\x1!\1\ic\X}E҂\	&AJW\'1\!d9CZ\\xY^\p?\n\\=CX\n\$z3x\\.BȈic\VׄWi2S\j\\\\V\Ms\S~\;}\\Mw; L\/\(\bh\o,\ Ș_H\ZiѰ\=0\en`Fh\\6\kDg^}!\28\'\HD^\Ic5-\\\BҔX=9>\\\HZ\{-5\\\;SR\P\\DGΗfԃ\e8\Z\\ji@Q1\~dٶ\(\ZO4\\G<E\d%b\PLiW\\\l_,x\^z\Ot78\\n<f]:\a6x5\%\~4\0;\0q¦a\\ND|\=OU\\\rح|\#\\\զˏ3\'\\'\cr9H\\)T\=}\"\n(@\eWR\\w|@֏\0h\U\?}H$\L0RP=ᾪ)ݘ!Al\"3K3fh7Fe\pe\\I;cU5(dN.\ip$\0u\w3,/\l\FO\r &U\欸\zco_2B\\!FA\2%\S	$\\\\Zi\X\\\⬕Q\[\\\\rK}jMVZwUxr\Pb85 j\"ϟ\߉\\"&BQ\3K\\\7\=3oN\%\\\\Uj\\u\-\(\pnb\\đy\-\nhi\\00\jw\	#ǒ.JB?:ʳ{秎oS\92\n\ٵ{C\Uw\!-Mx\noY\A\\\\q9Luz/F\Z۵V\^\s@,v \\Jv\\\\nh\nZJ<\\*Dc\\'7!ISȌ\0\\O\0{!\'8J_^LZ\j;P\\\\:\\\jۢO~^τơ\0h\y_e\[\\cɐWV<ZD\3\\4\\RE\0\?\x#}#ص)}\\\fH̏5\\ag$\\σ/i\;D\ި~oצ\,X\\GQ\8\\fb\*Lf\\a\\̲m!OD#V!Y\9v\h<{DgE]\\"|\\'S\\u=	\hEMC\\0^\1#arŀT?i\~\'\1\"\n[~^;p\3{R1a%\V\i`f\B|c<#7)g_u^<΢9ΰ\\	7q}D7v5aa`\0`\:341\\nGxw\\˄7oE\\\+\76Y{odZs\6s*(Z\+rgE\=\~WW\D(t,Z\rF\B\\\-\s\'*/\\yI\Yf[.l4E}Ӵ\P\(\Uc 6\絹\[;Gs\\Z=\\e\	IC\\jO{g \w/\y&\\#\9Zx\\r\<CϙWo\ 	Q[\0\[+JZ2@5S\\Z\\\xm\\\H[Б\\xbM\zTj\[x%\\:q~L#:KeB8U^ˈ5\WQn:a7f\'\Q\ar\5QLM}C\\b5lSy]oѡ $̧+\!~y\,ȶ`t\P\ \q\B\߿\K\&\CӤ!\Uw\]>!Ŵ\!c/ܒ55Z8\Y\\Sb\\\l_\eDi\ca\ʷ\l8/z|)q\\\m\\\\=\ٷhVg\S\H\\\\F]\vC\hL\"D\\Y\ZByWQA=AVn1+3SH2EfErhl\T\\'~[\Ћ|\\n\z,E\ϞY\J\tl\\Ym\:\\\eڶB\PK,\u\[v(\f\\4}~{]69>SX_\ԏ9\\?JAn$\<1\i!\\\MèXvW\n\\띠\\78\\\\DX\:,%TQ#MY#\\J\x>%l0j\JK4M@kamZOmUT\\@\R\1כ\' \pO!\8\\\\ZR\HX\ޠ\\\\"BU.iS\A\,\0\np!:F]6ݿ\fC\"4\"\З\1\C׆\\N1j70WÁjl\$2.Qe9\\0yc q݆v\8*\߮剰iڦ]U.\\Zi0ȅ;\9Nr4Яyړ\,^F8\ب\4{tG9\\u2\R!!` f5y.qG^J\u\ZҊ\EL.:=\YS\r݊:*\M\\9yg7he}crL\ #\e{tf57^>ZhU8\BS	\n\&t>1\YF\\qʏӚ\\\\\#QFJ+~\\\0\\Jw$SĻSv\m>Mgե\,n\\\(|ҜM0,\'$f}1\r\hB\\\\h4H\\ǞK\\\A>GU\\ޗ`v%H\,\!V\S>67f)\үwV8\'hu\SQQ\\p\05\Mq\9\!,b\mu\\\]lJ6P8X\ⒽL\\ƙ@a!骗\`=3\Z+VC\n`\(e,f\q\A\'TEO\MfC\l^\Qmm-\P\%lg\~\?+^\ҍ@\0\#K)\_\'\iӎR<\&DfN+\n\\yk\n˓l)P\"n\&B?9o\\\"y\\Zk\F*5\8æN\9n\\]mk\۬\\ZgB%cjrLsJ#șI9Ԓ/V\'\Z\D+#\r\	1\\0ps9ivs\r}rᔔYP>5;Ü\-N\Xe\\X%HL̣R\ї\Bm\f\X\:S\Iٿ&Q\WT\\g#\NRpCr	\\)1{Cha1E\7ܳ3U\ZS\0\U<#&\\\/0\0_\it\Rh>N\9\ag\;{\ֵZ\Zjo\r\D_-\\\7Ȉ 48TX!(|k\u\^\x<o)-߬Q;ˆOд}7@?\\\rk)\ݭd:ch.L\UP>%ujQߝ3m}KY\X\\\Ɨ|VUnQaF+\\\Z\ɫ_\ \0mrdS>w;P5d\\\\0\\\Q\\3E\Дn\R\\l\?-a8\4WpvӞC\^B$\l\\\Ց\\'В\\\\&8\#\I\\s\K2\\u9\\Tar1֝\'\f\AIJa\\$`\"4K\\"B,[\03;\4\&)L\A̯)6\\2\\d\(_*F+``\n\n\p\)-\+b\Z\\OxK\\9etڈ^+\\7\88id\+v\X\	g$@r\G\O\b1F\&@L܃񮆲z<ٲ\\0\rx\n\\Y߽ U<\'fw&t	\\n_!\\\)*\HJUSH\=$\uE\`eQ=eO+.52J\w!J\I&u>ufBC$[X\|\"\rS=\\GQ\\\>5\ZEQ=,	kЅX\>𭄋LO2\\mgTh=\! \JB\n\\J\K_zJ\}\\7\0EZi\"O*\e\\'\kc\#wق\b\'-j\\^E\!l\'pp.4j\E\n\	.\0_D]\p\ZeM\'\'IjDN9I0[Ag8P\Փ\&|\\Ց]:\D5\K\Zܑ>J~\Yg\x,9QA4E7$ڝʑ_]V\r~\\\\k\g(txD\\\\\)\7\0Hӷf?\ @^~:M[<vWEV>\b\?R l	\h0n\07\=U?I|\0%\Vw9\ʱ\\sZ\Oϰ\E\j&\'\\4KF2(9;FZ[\sYn\5h\n}9HpADyKd\\:\\\[\&~_=ڨ\jWNe3\nʧ2\kN6#z9xsL\8\jP2\R\\r\ߝ\<4\|\KHMo\\b\Д\+PguOX\t\0[\\39\A#A\iE\Zn/\"r \1h\7\(\n\\Z՗ ئ\P5u|\,$b\Y\Ǜh#\OY\9\#\\\\Xl,=])\246Q\\\'RH]Od\&]\j\.j@d&\ۛ\\\^?i-z\QP>vXK\rO\bS&wb\nV,!akVKS\\\;9Ps<࿠8\65]@ \'\Zd\\N\̤\%\oLj.\-\\\ݭ!u\$&ؗݕ/Ib\\M1}*!\\((P7ۻwbz-\G4ujRUel\,c{_Є(?\^\r\}\ZvX@ʦ@ė)lRF`\\^Hܙ8[a\\B&\+ ~~`C\Z\\9LeUN\\E$\=]\&/7\P=No\\\=\3~P\ѮⳢP\/\ZT%\D\\b\',\j^&C\nI\\;\'\\\\\ AB8EIBZN=\r.\\q-\\'Q\&=(4\ZXI3J\5}9(3ߎ\\nPV8h\"߼\\jn;ߐ:qf\/5\v\WCfNU*\B.z~\\/5$1\-\ZU}b\P`!\:\,)\ys{\\Z\'x)\)Ͽrq\n>B?BP,nF\\rya\\ȳB\.F\H\\r?-W0\\n\܆\Qڸp\W\:Ǘ\\\.\w.\\(q?U\XidFT%8\²\'\\r82eYQolJ=G\&ʮ\s_\P\\/\n^Ƥ\_f\":XA?\\0~)ٿx\8\G\e*}\`@ޗ\\gu\n{?!]\\S6\"OQ8wJ\\=il\y\\<\Lz\%B\էj\ߵ\\X\\\6c8ܚ\0\t1wu\0{\<;\&1\97>x\\'3x\%z2 \C\\J\J⓾ǂ`\r֕ۿ\\Q\_Rv\{(l\\\\\,xj\iy\ ̆:\&\^\S\w\ \29PI7\a]];\070\'EZ8^[\\\\K\Ml\DH\\'\T\kN=I@Hd\v\J\<J\A\̵omY\5\F\n΍\r9\<jT}-.\[LՊ{Z^+.\X\'ְ=\dÁY\\\Qm\y9&0\t\]\\\\k&\uY\FG\\v>Ҟ\gavz/7T\\c\\bo2׀^\c\!K!!S`H5\INɉ>\;0)C̿\\n{\\r7\{5ښ!0|;\n\LvV%\W=!m,X=fK>pL\\2\\\\]\(޶\\(`\e@%\`Q\auRxG0l+`\\ķfLݞj5:3\\\\S_l\[Ɉ\\!\SF*3\&;\\oQKjF -\"׹T҂\\V++x1?\'n*=\fLu\M&\\7\k;VKl}\DITc)DR\\M\IfɛA\N옸;\b\3=W$\]cOS\lND28<9Dn:\\]lXt\\YϦٛ#	XF\\\\D$ukB\8zh+\X\ZȖiMLU\xz鳊a9X_w;=;\Ы\\g|?g\\õA׋ΞR.\R\\"|\\\f\u7y%HPkM\\\L9t9>HaV\"\ˣT Y.L\i\{_uDZ	[7\\\-ԋ\n\vT#oZՏL\ ^<\\l~\\\6puӫ\\\l	\x\r_f\Xpύ7\\n\\å\\}xXKɆK!\\\~Mg\<p{Ad\C\%\}q\\\Z0\j\\DGӴP]׭`u1%8\\*X\/o@\EN\=<\R+\':L\\YCPkkm\\ \D\\\\W\\>p0\r\\\/\/N\E1[\{f&gLXrЖH@{\wfmMB$\HS8\{7QYEj	\5ߦ\\VD\0\\snafQ#\/ٳr}\\z,CΰVhjS\t?(\\\mn\\\\\p\\b\\:O[99jL:\\\Ҩ/`\W)DY\ufC	3(o^\\4T{2[j\Pfe\\\	BGv\^\Os>\</%Ќ\\\\0\n2\?m\~@v\=0?˥^\\P3vh\K\z\CJp\f-\1\զTp\a\\L\}Bǁv\-\\\vz\1d\W-[\nC\Q,\Q\\^\;pKV\+NAإ\O.7j\\z;(_4O\\Ŝnb\4\u$\\j-v\6μgx:2Zt?CG+b\u\-͑?\0ާD\K.Ev{ehWKeiy\0s,]͈;hQ0~pt\L	XMR3t*\&\\K\\6\%IL|\"_\3kDTcPL.νǯ4\\\Z\\5Om`-R\04fiC\u\AN\\dÆ\WR320}Q>W\xupM\݂\Zhn;SI\\5jvu\0צK\O\NS\/,\,dAAY8[h\翿yG\\\K]*Uݡ\g\Coio#Mlѧs{\ڐ\\\&aICƽ\o\z\\݃6Gk\"uHކ|\zIApY<?\\\2\A;ݵB&\n\[.\}C?^1\\1\Z-`a/NZ:+\l\cp\.N\LlJMf\\	G8\\x6\U@\kMqKp\1$Y\nV7 !\\\\)1Kqp{TtTZd˒o\GM\ֺu`zPXM\.\<=.e\X\QD\aI][)h\nr\SF5\	5\#\\p\\f:v*s\zLN:\\>#WE;Q\e\\\\|&T\7K:0$}`\/\nN!:\,@\d֓4\\\!`\\#3J*c\*1YmYev0\!KS]s4_{.A\"\\hi]\qש˚)\V\\"Y}R\$AKB\zQ\ v>c\fi|׀?ۗOG9)\)nz\	z\tH\$뉷18\>\חqMT|\\Z+ `\nUk\H\af!\e/\\ܮ\_.^\@J;%\)ܝ{\w\\"==r|!3V-ֺz\\0\aZ&ǁZPKFν^3BgO˧L\0|Xͧ5\hk\BWp,GX\r\\G\n\3\y	V\\/\:\d%/ihw\\pA\U\"]r\\\0$\n\\Do2:&_Cj&l&s\w\\\\\0F[ekv\:_*c9q\\@8:4\cqyALx\Ļ\\r\ZcMVR\\e\1=\\f-\\4t\iԾ\\~y\\iH8@0\*\"Z\\\<\\\51\\Z@\\91abEP\\IDf|<\z\Z@\<W* \Z~[֟g\\aoq>028\alˤt\͑\\\\\\q#\\\"\>Z\rM.\c\D\\69\Mx9=z+\\`\\\$\m\\ \3R\.,`	k-q$LǞJz0SJ\C\ruȶ;\́qf\}\\&,+7\\\\Lʹ&\UZu\\\4b\)\7un\\j}}\\',j\Z.Q\0Ja0ې|\XE{\]	b\~;A\֨\*?BJnܠ1)˹j)\\k\H\2ב2\'U⃜tSpa_\\0y+b82\0R\\)1t\\Ug\n\0m5bp\j Ⱦ*\W(rciCW\	[\\hdߊwc-\'E\"#\\g(\E,\jў4c5գ\g\Z\\\#⸞@^\	VB\\n[\Gk-\i\H|a-\%\{\~q\PfL\\\Z5\[\O_:\H~+\Y\3C7*Ŗg\\\\\Q\^=ӘH\!\d\Z^vZO{2Zӫ<U\ ٵn=8\wN\2{\\`QV&\uQ\\0j\}\\ۥZMZ\nNS\f\\%\i\l;0-Rr\\g\3\9D\E\h\ʡfC³\\n\ioEfA)<	\n!K\r͑\\x\\R\0\a}\\\=\P\P\@\\\\Q{{Bn6\aLu\\s#$sׯX(%\:Xً#\\Iz~}	\LjЭzzغy5n*T6P}\(FfVm\\u買\4\Y\DI\G\\"{K\8K;M	B݋$2Yw?AK^9\k\n1_aQ9zoX_\\Rî\LDL\|\f\\\Z/\\\U\\\	cj\\As쭾Y+\'+pw9\\\`%\>\=}]`hkH\n鑜\ٚ-\7V_\^\o\H{\QU챘Q\)E-J\)TڎNZ8kfg\ļ\Z\,>}Iʾ~\ѷa\Փ$M.\8s\"\7\	\M&\uèi=\y5+\H^J\\ȗLA<X\\J(ÇVe%$\Դԥ)\ĕ\Z\\r@\0%Tm&t\'\\\\$oF0\\^#[\|\'Z\Iq\\>\\Z3[\\oS\\\\B.\O9\Yw>\\I☳D<\8\\S?4#5\\rf\n\\dB\\^GG\d\z\0\\BV\_\4\u<\=\W\[dY\NH@v\$oaR\nSj\dnN\#\F\\8P_\Hf{Y\d\"Z7}[A.O%k\ᥣ\Z\WQZE\\\ut\9`/Օ3[Afz.h\@~2À!s0Ǖ3D\rJ&\{l\\\\\\?[\\N\B\=1\Q$|\\\%\xԷA\j*+uR	j;\#Qn#cDx\D\=4P\6nom\ʂ^[ g\]ě{?B[\\e\G>b\i\\\h@ô\\\̨L\}\e\n\\\\0\\\~rA\ZRN\o\\np%<9\l\K\@]\\'l-\U])ݒ\.\\eU]6\\,A⡞\3Kq\\\\a)\mB46\9\\Uި\o\ {NVK\lY`i@\\\\JK!t-%h\ɵ}Gk~7AnHԭz2	\C.-\\ZA3XrN\tƿ>}\S$Kj\Kcyو5	#\eg<[\๜\2(u(Ym٬X5rs@\MӹD\3\-\.\\N	tOfΦy\C1볚^*\Z\nD$\th9m\`x\\ɨs\r\\\\o\\@\n8O\V\J}Ex\\q,IdB\n6\$\\\V\']!X񄟫M71\" )Aq\kqu\\<)\\tfC2F\Z\\^#AW&bf\\B5\-rbM:gBφ]\E\Z\\\FOW\\\5\dV[gR=1[R/A<\F⭔G\PȔ\gI\\F\\\1VH\\M3\\l詳GNLԷ6K\}4մ \'%xr\+G35n	Mk1z29Ւ\\\Y\\\\g%\np;8!tYd;yj\\U\\.0jd\\\8\+\W@{4\῁h\\dWsvI[S٨\'`\\!\\\\;\ՍF9Xex{)djgbfU:M\\q{\)\Xz\%!%\Z4Sg.\H\\'\'P^^#EƯ\?~S\\IF^\k+\\/L\ryD\"3J\bKų!د C̷du\\-\}~6؉\\ԁ7\Y\`!=\'\\sk۔Ѓ\Y:\>yca\\0cm\IيA\!j\!\Yvyfj`\"@6.\\`zD\0g0\p\\]\32b\ԍ(HJ\2\y\'\0Y\h>^\|\MRPҡ\\Ԃ\r΋\'\Zø!tE,\\\0q^hbShP(\g!\&3pd2	چNQ\n\roc\Wo\<˫+Eަ@\Q\Z\T݁;JZ)\rH	\h;p;8%\0˅F\!ŗ̹D\\r\B\55z\aQԪB7~kF\Y\\hdC\ϼ\a\|\/G\	BW\"\\l\ZzOPT\o\NnK\n7t[d\0Y\\+Վ	9(/ +^!-_\R=\J\wOTDpb=d}~Wv\2Cձ\uthDvՀs@\'q)Q4ΧbL\&Z2\"fYDIrm\q6\ˢ|\ =\\on\\KD$\,\}e\Y=/L>7mU67J⿂z\\loY9!b\ZR\\ΗT*ccgPX\'`E\n]\\\\K2\\\:^dՆ|b\'I	 \%S5\-e25?ZW	\\\|yIF\'7\:\a4\?_L\ڞ	?\\\[hh\; 0\\\\\x\EeU\]R\VJu	w\\'c`zg(\J4	)~h2 AXWYۈE{\ZuiMo\sdi]\\>κ\z\ mnq|`ArV\'mǐ\\"Ǟg5zc\\CJ[Q\Un\\\j\<\KIY\cV&XVĭ}\\,Y7\<U-룲F^ԎCp\nH!l\|mEU`!cxzH\\!|\[Yzu8\\ŋtҁV u\?6 \\\,O\҈	\ YYJ.#\\\\d/\nߨ#\I~E\Rfe\U\>Ω\0qoU`\VO\Y\\D%\`]5ժ^\^=yaiP\vH@\"g\B\c\\HД{bGV#\\\V\xjP)\\\IO犇)\\?rI5ǩwm\vl)R$?;gVZ\\\\ğ*\"Ow\">Fq%\Ł\\rX\\g}cgH\\o\\I,+6PX\ \pTqboW2fXZ\zc\\Z=a7\FC\C-\Բ/)\\ܱ_y2w\4R\=i\/`i\lucƏ\}D\J`S$Õ@\PUl\0!?\i\N<\-Yu*PwEfK+Kk_b:%\\\Bᕕ^.\0}ؑkG2\\Lݒ\(հT\rB\,_Q,\\*۸m`5Ǡ1gxe/-\sIwzp\w\\Yi}8\:-[ }\\>U\U\nm\r\\|\Ct\\\`K-\q\Z\\C\a\\:KzLg\.\*\r\\\n\%kbG#\=\@x{\\"\n#U(rm\Ϊ81m\Ͱ\\Zd\}n[i\>i\"ml\oJw2o11\g-1TˆGE\\=^pC\3`5\l [\\{\-\".aоijhkƠۓu\\\\C%\e\ڭc\zpq|%\\fp\0\:x\\"!ot\\3ǰɏ\}!/&\%W\Z3\DK@Bn\w\\0o?hJ\qry\rC H)\1fIHr\)˼7s/0Gq+iu\np\ \nYWo\\0\"q~l\\\f\0$&?b\\`\\vT\ 4#_1ӣU(\5uw9xb4\pdԏ\Z%(맭V]rg΄Gy\?%\obx\2U\'S|\\\$koMt.RkI\n{,\Z~\#\\nCW &\j{pJ\\\k[$R ~d6Y\*˧Ev%\0\\Q@/m(\"\w4}\͏\_\0]L/mu+m\=A\D	C?C\7i(\\07N^ǈ\\ZE;v޺\]QMW껮⯔\[wG;\]W\\\s!\\0\\Z\'\rHCx܌`aJRSo\\EF!=@g8W	\\ߛ\'adi\pcjolA0\0yVn\\h\0\0\0',0),(2,'Bhramastra','Indian Hindi-language fantasy action-adventure film written and directed by Ayan Mukerji','Ranbir,Alia','3D','2022-10-05','2022-10-15','2022-12-05','Hindi',_binary '\\\0JFIF\0\0\0\0\0\0\\0\0	( \Z%!1!%)+...383-7(-.+\n\n\n\r\Z---/---++----++7--------------++---+--+----+---+-77\0\0>\"\0\\0\0\0\0\0\0\0\0\0\0\0\0\0\\0B\0	\0\0\0\0\0!1AQaRq\\"b\B\#r23Scs\\\0\0\0\0\0\0\0\0\0\0\0\0\0\\0\0\0\0\0\0\0\0\0!1Aaq2\\0\0\0?\0\r1D(x8!-r\(S 5\L\E\n&H\ELd\rьD425 ( \k\Z0L`\0@`\\p1[{L@S(#4,,8H	*#*leU\xaD\AE.k\n+*)\\Cc_QHe2J#(YH8$22b2@Ld\Hda\14=͈K0N\ 渦\k0\(\"`\â#јbtDɔH\EXT\\\R\\\rb+\ԇL\SL\\X\SLDaȦ:uE!\E1\\.:sX\Bt29ԇR$ADR\nd1HDRZaa\BbX͌kx͌0\\60*ȊTȵdk\D5\b [\Hq1\!.qR5ıl)\9Wr\gŰd\XWj:p-K`]EQe9lQmUG[U%\\'\'OF3H:YuFUe\=51/ylcG\a\\\g\g\y\ȼc\\l2k\\2sXn\9e\we\t\\s\yd亣:ǥs\\~=\\:ǥp\>.\.TqXn5\5e\\\|\WzW\r\7\\\/Y8Ӽz75\\\.@^яV\\ίX.k\+.\\0\wyt\ɚ\o\\\|ίXph\z\\\\1ίXr)Ld\&2eL*D02$j,\"IHQe!\ER\"\@W\D\Z\R6\"H7*8Ȧ2bK\\Z5Ԣ4\aY;\Sk[O\DI\M8\dz%\02\׌8X(QLa\Lb\"iY7f-GR%\ld`)ϋՆ  \#lB5ɂ\U300>b\)TÈ!\\\cQ=E\\Z\TRHa\TJ\R UWYsC*c`\b=\'g\e0*n|T\ۛ̄1\\zM\qڽqؽ\\\~\ʺzRRqMl*m%֋#\'7K\Ε%f\|\}<\k\\||(Ri+AJ׊vYVRԡ\\k\r\N^Z\Ib*\0.$U\0OO\̳\ݼU*\W͙U[\\\'\\ncʥg}ƞWТ/\\\\\%wynWR\˓\G>\q\oROiӋ͛\\{bQjI];*rn\F\\\avk>e\<)Ł\ƴG\r͜_\\\<JrW}\"ӽt\\v>N\yO?%]\NߍϷu\\\7\\}:S\\9G.\W:鹱?V9\\ʣ\~L]*[¤r\fs\\]^W9Swtc\2sS\\n\\\cK\\w\lV\.\\\'w\7\Z\\i7܉\*;\1QH땾aͷ-\G}\ܼ`\\(9r\\{{x\@\a\2\}J\\\vC\\\\\(\\\}\H,z\7gp\\\\\g\'\~gEEs\?0_\g\'n\qhB\03\\\ڊQUSn\\'\\}-\\?T*\Fan[4BN\Fc\\01|\\\QQBj3z+4KR\.S\'9\XV\\\yvI%,3\\W]0%uy\z5\\̎\<ס\n[Z7~TY\Zrw<\\\75\\\nÃ$~\5aY5Ζ-\rIo;\͌Bm}\n\\_2{y==\Gl髫5\O.[\ZE^9\72Zm=?\\\YK\W}į\\ͽR~\'\\gw&B\k_\{?B\\0\]\[\\6\'~WFo3\\9\\t{\"X\\\9zO\5\\>}W[PN\-\hǳ1[4/U\\\Uz\\lB},\C/*5x\\;T[X*{Ŗ\.B\{\r<fo\!\\_ \[\nBA\-IsG%ާ~@r{Yj:\9+NF_2-|2\}\ŜؒԻ̪\^J\[2nRkF\Z#(\u\\W\G<cRWi\f*\J(\)6웧\>>\׹\J\uRJ­\wY\zT}i\mO\\'Wѷ\\0\8\\zo;I<\aw5[9G-\T|Z\\\\y\(Y[\]k=B^&og\ΌԖuQVW\\(KW̌\\͚nW\Я\J-\Ӹ[\\˺Orz(\c_7gǼ/\\\g\.%\j\\V!\y<n\)o_\2{\ЪǼ*o\\y\AEV\0\|,G\\u\|,Ex=廑5Wfû\\[S\r.HS[,*8\ld\\e0-\n+j\Z\=˟]f2V\\PT\\ؽr\n\\\\4`z\\'n\0\7\.\yV\\\ڊ\\r\Z\r\q\\QY--im\d\Yo^\\1Qn\\Z\ֹ/s@s\4\N\vכ/3\5mMw\\Mٛv<J\\ڻw\R>Od&<[\\Y\zݴY$7\*-6ƒ\\\\\GE͊+\_\Tzcm	R2\\CH\->5)\)\3q(=p!:{ui\?\3Ԋy\\0Q|igS\{~\\Fy\Z\\\\a\;=kאԞm5\\ڞ\r/T\\<fem,\ZV\~%o]\n/Wg=\\yw&]\\/Hx\5ʣ\=̂\\޼>DuVǓ%s&\\\\6¼\0\j9\h\\r;?ͥF!Z\\Un\`yF\*=n\[_SYN\t4gJwՓ\\\\Sڇ]sFEy	{F1\*(B\[\\QH-\dE1\X\\r[\QE%]\\Т^1%?ZƶNp2\y~ݪ;fvZs\'g\\#\\j9M潴Y}vc\.\"\M:4^\hUIݽ\wVQ67le;J\\lo\y\,\Z\\$EQY\\\0#z4\SZR_\\0k4fw\\\s\/_3\\'\o?\ZD\n\6\\\y\\8\r_k\WO|p<;~HۇUR\	~%Jb\lΊM=Mr	:\w\(ORWӉ\Vy9VEI<\\|\7;$jYTʹiF\\'\oϭ\=\}:{:%ZGR;W11n\0o0bz\ \^ԃ\',0),(3,'RRR','action movie','NTR,raju,aliya','2D','2022-09-25','2022-09-25','2022-10-01','hindi','',0),(4,'RRR','action movie','aliya','3D','2022-09-17','2022-09-17','2022-10-08','English','',0),(5,'PK','logical','amir khan','2D','2022-09-01','2022-09-01','2022-09-18','hindi',_binary '\\\0JFIF\0\0\0\0\0\0\\0\0\n\Z\Z!\Z\Z\Z\Z\Z\Z\Z\Z!-$!*!\Z%7%*.1444\Z#:?:2>-3413+$*33333333353333333333333333333333333333333333333333\0\0\0\\"\0\\0\0\0\0\0\0\0\0\0\0\0\0\0\\0=\0\0\0\0!1AQa\"q2B\#Rb\r3S\\\0\0\0\0\0\0\0\0\0\0\0\0\0\0\\0&\0\0\0\0\0\0\0\0\0!1AQ\"2Ba\\0\0\0?\0=vYʠt\0\@h\\f\\.\\\ʱ\]p\B\1-m\\\e\d\\\.-\.@\t\Z4A0\Ym9؀%.dUe\b\\9tRd1ˮmj\'s\ϛ4\1\6Q^/qT1ɒI!ZKf3	?\wcJ~1J\f\I\>TU%H0N{V\ﺖ*OL	b\{L\Es+!$	*ۂbN\\:S\W\Z])XKIV\{Сu$\ʭ\\,kp\մ[&`H1 @:~?Zh\\i\Rg\JƑ ۲\\+m\\-\KU3\0!<ß\b0	:/bS\\\\'˚$B\1&(|N2\?J6\5\v9ri;\\Z]IvՉ,}IF;_Fi	16i]\`L\nTP\\TZXê]9S\uچF	c[X4ѭ\BSX4/t\-\rq\0t%\Nd%ZHe\nwtzROP%κH:0\Lt\0%\iˡmj.fy\F\\ށ\@\\\)\ʨdmE&\m\Z>Zh\)noZ\nEt*\EH:\C=ŒkT\Tź H\nպa\.φ夝\']\\7{g\?\G)Օ)>\P\0\ \\J\;D\"A\\4\0߸3۶Ľ=`\0l\_L\\nq %$3\]}\\}kXPUGEi=g\\1?vW\}PT`\0\vR\B\7t%\\\*\EB`\r^\\`9uU\xiRrÞG\ZrEM<n$cJ@\"%\U=bx1Q\\E:TQ)u-\i\\j+)PP\)[\>\p\\\\G]\0Qu/LAҤ\&`\*aa3]ds\|\B<sS$XUSxt5IF.F\Q]u)=$u03\v`]G-ig:A>>-ETry\Wz;\\0=(lE\6\\nf\rf\FK\o\ܝ-CdE\\\f\N\U\e\:\[VD\\\\\D	$i\\Z%\\qV\èE\Y?p@UZ\{\rq[*\\ɐdN\AMn	\\J1I$W:\E-iY[0\0\\\\V\J{x@\Nt\lĈY\0+3ԓb%\\\r\*\MAl\l\|I\#\?U$\c^2,I4\\?s	Jh\iÜܷҩu;2B8ҭg5P\r՚\4UۑTg%\"j\"#QTaЎ\۶*V:\n!\0ڹf\EaҠ\\@M~\*\6	\"2\aW\\\Z	^Te%\}tiD֊..Rt \\h|kBcF\7?Ac\\\a\ҁ\9ټ1m\4\2Ŏ3h$\LsJ¤;lj{\\rU{!\n\fG\`Wmau2\所\\7v\©\0#\]`\Dƻ]z[v\pxEXPN\U{rXL\\f\\Dd]\\\@cY뮱Θ`-\\ry\\N\\q&\;b\\W2+|\CgU\\\1l1\\#h-z\PbݵhVG\_jMzj\۴$\\0\hYX$;\bY\m\0\n\r#ֳw\ĻC\?S0\\<\oSWֈ?\r~\\>\ZmE֟kV\8g%Af\'{J8~E?\Zmwm\B\[1̀:6Q)1Fav\X:\\\iU\r_\Y\\\H\L\0	BhU2\oS;w S|Rx)\]\\7ND\;H\\,9dZ|\J[~#KqXT0X5;@Fr\`ĥ,\H\\r\U\0js!\&c\\Ia͘&DL\09\o[fa\n	3\'i\O\"?\b\e@Q6{\:u=us>lҺ` \$w}p\0\A4(%\\0?o}I\7N=v\qe07\:֫*n.q\Zp\"Ƽ\\\$\u_Qg5\,x~\\f\%[a.u\.\T	\\0`I܉O:>\.Yp\|N\׳{\Wlʕu: w8l\:\K\\nY\nF:hvo}\B2t\\\kx\a\\\\\X\"2~\<]\\\f/ќ\\iNB^\\e{5}O;\\g\\.2\\\岘ksF\\Uqt%.\O\ڍi\0Bڿ~{En\[bʢ$Ƣ&\"?p<p+gm\\qEm\thZKmAl\L+W8n6\6{e-b\N\"\"mYA\_v\0\I95\=VĻ{\\\!\#WhKIy-yYK,0\l\o[\b\\\\0\Z\ฏmnE5m#Bu+^\rX4\̿\([\y\0({\Yطf\\S4P>\ilS0@;mNŘ\0\~^C/1Y\	H\a\\&\\8xl\u\o>\I)\f#a\\?\nd$,*\L\\0i\\ZV\\n+ba\0\:\Q!dg\D\o3!S\t3ߐ\A\g\\G֣\Zw\\\0\V#\LTz\j&E~\ab\r\\Kyu6\\Jӎtm\OZI!韡\1\28*\t:=\ \Zq\0\\ܵw\D8\0HR	\\\2u={@Z>R\6\\b$Ҏ/\\\HH̺v\sAƜ\09\<%Z\\I\Ӹ\\\t0d Dm|[jGV4j\\\Ք`Aֿ\|dc/J;\rl\\\R\`i\\ﳣ\"2_Y#<EC\n{yd\0ݍ-\2\L\\0\\'xNDF\X\R\W/E\\\LF\2\Z c@=\M¸g\|6<rb\0̽\0EU\qnn:m\tSJ\'\,ߴV\\\$~S:;>f7d\\`XݪNƧ\˕Lְ\)\ZҠڲhs֐îp<Oҭ\\۸\\\:?N0(2l\?nݾpK\\n\ai@ b4=`V\\(`OR$#j.3>;D\ۤ\n1\\3nǧj\}\\;eCP&~\*֚bxYE\ZP\K\\~u\\'\\(Ru\"A>\$ƀu\Vb0\:A\F\"v\~T?Q]!\0E\lϠcI\=>|i\ /3\\i1\"h8Cu\*`\/:v1\.d31ՙڋ\Œ\nxJ\ʜ*Ko\\0ʑe\\0s\`zh(E},\4OۼN%/w-y2\S<\\xj\؅=B4ڷ\`pAR\\\Ig&y\n\[XJ\a\\rG \Ln|\FSH䤚ⵒB.\x\"\0(\[Q#/}jv	0\0~4PF\Z\\\58kXtWť.L(}+\\A<F%\\\S\Z\\}yPKM{M\qմ	*X;u\ǲD\\3)\nR4ߑ\Z\"\\0\\a\Ɓ\M2<=\\"\R\!&>\0WCZU	\'m\Z_tS\\J\\\Ǡ+깡caEh8{A\Q\Z\\78:g\]O<B\_ڈ\Xs6\C:Ce2F\L\\"ȹmݥ0\\`1\0D`\G1/\\v={\Y*\\{,\t.\\\gK\nrY\gzȝ>#ϯ\#Z+#ߧ\\uyOz\qKq5rG:|lX9f4\>xnn,\D\p(nqn[\nw\\N11mH\\i\pv\Zaxp,<\Q	X\1\'M\6\\n\\Z6ROWN\\d\TKTgqYb\.&a\.3S\T\aLO\\B\\buu\֟\\­qm1Q1v+Oqʞrz\b\l\^\IT.\> +ʄAA\؞\Ŷv,\\bX< -\jcMX\\\\\>=ъ\>\"b\,ƒu-4\Jl\_L?\ZDz\c\z7n\ӣ\r\v\\lÉ\\0ՓUEkܾ\6$\W\0v0֑\\0$\5 B\M5+\}t\SV\\5\[[I\Z\c*Ź\\?8\nv$\\nUJ)Y-td\7E\r5_izSl\0֕\\3ö\kK\]486	0\'ek3\O-;p*UI\4E\)Z9ⷰX\)Fr\012	\Ok{v\\̏M8Oh3bm^\3\B\ŀ@\\r:\l5h\0\I!\F\\xA8wৎ\P\/Z\]>c<\s\\L\\;R\r}\u\U\\ZG>Y\9V\޴\,%I{OYmξ\n29)Rپ\t\|\_\Œ,\\`\of#9\\(dr\\((\R{f*#h\<\\m&gug\\8\!rhig\w:\\\\\\\_1t\޽+OZvSid8Bxo{x\>\\۷o0)Ͳ\O8\YoMg\Z+qHЌ۝?\Z\\$qذ\\\\)99Qip\\R}~ćFLC%ۺ\\t=\.\|3Ys/o?F\16\\d26\r\G\":T\:<f\ݧ-q	\\Sֳ8>.Sx#̲7Xb\\jL6\87\*O\qy\ʱ%r2\1*\\(\\rԑ\]}hƩ\\\\		G\[IX\[v\R\I\z~G\V݂+\Z`m^1bU^z[z&R\ƈl\~-K\\r\Z5+GY]^\Z\6hH:\M<\R)\S,;\o\\E̠į\\GY\\\I|\\3\\}\\p\k\\ Ǵ\X\d>dFѐ\+)!\u\Zݢ\*\0\\\>\"\AHf\*~4\ìZ\\\^\>\\H\'\0y\ޔ\a`5\\Oi*m\	ն\nZׂ\6\\Z5*\EIl\@<0}ը\V\\r-\<\ibxv<_֪\[kNȠ2\cMg\/r\:\U(\[CʭͿQ8\0Y\*\tUbf\Fi܏Z\rƜ7nk]ʊ[\(iJ\\\%8\\9\y][MJ5ic|_\{n\WKtQ\0oM [.-n\/ӽ4\FĒ=$\\6\h=:\F\\r\\'ҥ\\0	)i\\B\J\#\\Q\7,W7Q\WiU:\֏`2v\~t\\8\y\y\'\Le\=l\A\Z>	s3\\Adu\"&f\!.  \\\v#f8\P\ӓ!\\γ\n\>W_+89\ZF̛֔Qqۢlr+Ѕ:\\9ѼT\u#\;@\bp\0t\\nT]ī]:c\\J\\\iMۋ4\W[\\V\/v^\\cl;Xt\(#2K)f66\\\[8g\a.Ig\	\)\i5CGeC>\@sYN\'\\\{\"\0\\\8\{]sn\Q\@{D\\UQ\&9\\\$\N֗qN$܅u ~5\ޮ\\s\'\\'\Mqc\2Li\Q\~V\n̒t\G[+\0i\\4l.\>Yu!^,\`nѢ\}>43pL\ԁe馚r4gn8/\r0îՋh\\-*X\)okd=\n\[3\kY_d\\0\HIp\'BA\"wkѬq\l<܀\~ꢪ\\O:\q \\70)#\*OSH;n\\'\*j\\Hd0NTS3Kf\U\d\\\\LA@CJcsA:\rq\\\\Z\0oswVї\\\nq\@}9ϼ\\4\c\n9\?ZqL_QX\NON\BZG\nEae\)\K\y\'@w\\H\_c&\0\5=\$3e\\n5<\u˫:Sq\k\Zz\zѡK?oJܓU\=@4\t\\bt2\\"j\o\nd؍\0\n~4\\0\N(\E-ɰN\"\\#C&y\T\\n\\wnYTH\-,65ELxc6^յxK,\rLH\'q\\\O\e\~?U~\m\%\[0:U<Dki\\\\^\\'\Zl:}\0%m\\@c\L\\'\h\V\\7,#<\\;UQK6ijn\\{\I[vݎdjYWl\By*Vje\L[2\n\0r?j[\Z\kLF\V2DV<\\\'4\R\\Q\\nF\\\AV\y\Gq#cmibʻ\!P@a(aB\\\A_\l,\5\e!˼s0~[%\Lߏ1Rgms\arN\Qv|:T+v\n\r!\0i\Z<\Y締^\Ll٦{\~{r2!\Z\,\0\0Ze\\\Z\e;gw$ԨPTda\\\\\\b;\b87mZ(\r]t\\\rΒ\V:]]۬5lb>\Iq6\y1\\Eܹ\#N\\%\\'C-\O\QҺ({*zv7z֣QH[71]lL\r0\0\[\\4=\ǘ\4\\Mfu\1\ޔ\n\\\ΟZ:Hf_\g\U.U\_\":QQ5\\m\\F\Z\\#f\:\h\\y\\\\ɨ(KÓ/\S؉\?q\\0uFv_\0\\vU@L\ZI\\wnqrU\'sqs%bFB\|ͯΔB/X\.PS\\\֗\k6\\"\S\\eWs9Єy\?\qdl^!#2\tpt9tQ[?\͔\q\Z%l-\o\D\ZkfZ2D\Q\\-|,\Tb22\  \K|\\\\\VrIeB\"\2:<֫+RX2f \\01\%\˄(\\)qWKa@ȄR\0h;Qn\i\U̦\28Dg\q2\\'N\\/֮y[^\\v\E>CQK$\\n3[\\ՙT306ނ\\\ lQFhɎ>k\n[r\d\n39y[S.qm)9UL\Z&*\0X3JDp̬CfШ`\\\\y+0̶ȤEAn\	`+ev_70Vu\\qfedؒR\3{V\o1\Y4G*\3۝Z\\\ʥk`\V\s!Pıǹ?95\obk\\rw\\CR]]\0\ܙ\I\0ت\\m\junH\\s\'\W\G\ҫ\zSS;\z\\\\B\\\nZ}jb\\DLj>>5(\0u\n\\ 5\'\t#\L#Op`nF\\+O\Z\cv\*O\\ް\6qI\n@\'\f?NT7.;ݞ&c3\zc\.1G_	\\\XhW w\)b34\![\(/L\`qU|ȯ\0:0#\\\\r\\\($yVưnt\3q\4(}Tͧ]\rSkm\m\\Pj\Xk\P(w\"sڶ\VܯC:.JOxa\j\02\6A\\0@\\0X|ea\_1#h$\_6@\` eMd\Ke-&5$\L\6\W{`nPK-Ni}#~0Xv$\rUV\\0<\E\'ql.SM\\S92b \Xy\\"|\\qmݑ;2`\\(\ªˣ̢V@\Zc\v0\6\r\ڊ\56\\\9Z2\ )\'\L\`M#法Y0\:.\\\s0I*wnf\'\G&A5N+\(W\\r$h	3,\\\y\f\|nc9D\\S\u\6\P@\0K\\+\\iS κmU*b\\\r\\\\jDdg-R\Y@\&\0\\f4풵,L\Z\\\\$5\k;\|ΑүJ|*:\\x{DN\ J\U3\yA\\*0?\Rc~}\Rݾl\4\E^ק\ҠH׿\\\\\+>Nc=\	#h\U\ZZh\a:J\u3\\q\\\rα\|R\\\[YP\R$\փ0kJfaF\M+mNﯕP\\\\r1\V\\'n+)2\\WW(\8\2\\\\\h\\t1m,\&\'az\rtmp;Ŝ:y.Ecb1\:\\\L\\0BL\Uv\5\0DFPC;t\Y\\K+*[ 	,\T\ c(ۖK\9?_l+hXh Ly՘l{[Rh\\Z\bl嵦itg\\\@R\,\\D\0b	r\c9TvA񚝛W.y@\'?j76A&-1Ί_\\QA9\'tˣ2\03PJg\L\ֿ\1\\t~\]4*A\|\	\.ӥ}j\;\K	\j;\DУY\}&\fH\Gƾ!\\0gb\Ljs1 \־ǁ\n\0\'V#}>QA^\߈\Y>_}j\'\: %\MX\zV	ެt\ULj\\XÉ\\\Py+CܸNS̝Oƫ\Z\oB\"k\m\\EpV	\"oOB?ZGY_W\Z\)Q\3iQSgf\5լbi\\!\\t\@\]\JWzP}T4]t\A86<\A\\1&f=5ڈg\',0),(6,'Pk','logical','amir khan','3D','2022-09-01','2022-09-01','2022-09-19','hindi',NULL,0),(7,'Tara','action','gylince','2D','2022-09-07','2022-09-07','2022-09-17','english',NULL,0),(22,'tnymm','muiumum','mumuum','7h','2022-09-30','2022-10-07','2022-09-30','kmkumu',NULL,0),(23,'csdcsc','sdcscsdc','sdcscs','2D','2022-10-07','2022-10-07','2022-09-22','csdcsdcs',_binary '\\\0JFIF\0\0\0\0\0\0\\0C\0\n\n\r\r\r\r\r\r\Z\Z#\"\"\"#\'\'\'\'\'\'\'\'\'\'\\0C		\n			\r\r\r\r\r\Z\Z\Z\Z!! !!\'\'\'\'\'\'\'\'\'\'\\08\"\0\\0\0\0\0\0\0\0\0\0\0\0\0\0\0\\0\Z\0\0\0\0\0\0\0\0\0\0\0\0\\0\0\0\0^p\0\0\0\0\0\0\0\0\0\0\0\0\0\0\0\0\0\0\0\0\0\0\0\0\0\0\0\0\0\0\0\0\0\0\0\0\0\0\0\0\0\0\0\0\0\0\0\0\0\0\0\0\0\0\0\0\0\0\0\0\0\0\0\0\0\0\0\0\0\0\0\0\0\0\0\0\0\0\0\0\0\0\0\0\0\0\0\0\0\0\0\0\0\0\0\0\0\0\0\0\0\0\0\0\0\0\0\0\0\0\0\0\0\0\0\0\0\0\0\0\0\0\0\0\0\0\0\0\0\0\0\0\0\0\0\0\0\0\0\0\0\0\0\0\0\0\0\0\0\0\0\0\0\0\0\0\0\0\0\0\0\0\0\0\0\0\0\0\0\0\0\0\0\0\0\0\0\0\0\0\0\0\0\0\0\0\0\0\0\0\0\0\0\0\0\0\0\0\0\0\0\0\0\0\0\0\0\0\0\0\0\0\0\0\0\0\0\0\0\0\0\0\0\0\0\0\0\0\0\0\0\0\0\0\0\0\0\0\0\0\0\0\0\0\0\0\0\0\0\0\0\0\0\0\0\0\0\0\0\0\0\0\0\0\0\0\0\0\0\0\0\0\0\0\0\0\0\0\0\0\0\0\0\0\0\0\0\0\0\0\0\0\0\0\0\0\0\0\0\0\0\0\0\0\0\0\0\0\0\0\0\0\0\0\0\0\0\0\0\0\0\0\0\0\0\0\0\0\0\0\0\0\0\0\0\0\0\0\0\0\0\0\0\0\0\0\0\0\0\0\0\0\0\0\0\0\0\0\0\0\0\0\0\0\0\0\0\0\0\0\0\0\0\0\0\0\0\0\0\0\0\0\0\0\0\0\0\0\0\0\0\0\0\0\0\0\0\0\0\0\0\0\0\0\0\0\0\0\0\0\0\0\0\0\0\0\0\0\0\0\0\0\0\0\0\0\0\0\0\0\0\0\0\0\0\0\0\0\0\0\0\0\0\0\0\0\0\0\0\0\0\0\0\0\0\0\0\0\0\0\0\0\0\0\0\0\0\0\0\0\0\0\0\0\0\0\0\0\0\0\0\0\0\0\0\0\0\0\0\0\0\0\0\0\0\0\0\0\0\0\0\0\0\0\0\0\0\0\0\0\0\0\0\0\0\0\0\0\0\0\0\0\0\0\0\0\0\0\0\0\0\0\0\0\0\0\0\0\0\0\0\0\0\0\0\0\0\0\0\0\0\0\0\0\0\0\0\0\0\0\0\0\0\0\0\0\0\0\0\0\0\0\0\0\0\0\0\0\0\0\0\0\0\0\0\0\0\0\0\0\0\0\0\0\0b\X\0\0\0\0\0\0\0\0\0\0\0\0\0\0\0\0\0\0\0\0\0\0\0\0\0\0\0\0\0\0\0\0\0\0\0\0\0\0\0\0\0\0\0\0\0\0\0\0\0\0\0\0\0\0\0\0\0\0\0\0\0\0\0\0\0\0\0\0\0\0\0\0\0\0\0\0\0\0\0\tPP\z\8쏢<[`\0\0\\H\\\r5]\\\\'\\\aͯ۞\\\-\:xOx\\{g\0\0\0\0\0\0\0\0\0\0\0\0\0\0\0\0\0\0\0\0\0\0\0\0\0\0\0\0\0\0\0\0\0\0\0\0\0\0\0\0\0\0\0\0\0\0\0\0\0\0\0\0\0\0\0\0\0\0\0\0\0\0\0\0\0\0\0\0\0\5\\0$\0\0\0ʉ\C\5	c]wiS\EQY+\\Z\ߜ\jˮC~@\'ù\M*q7\\\ӟ\0\0\0\0\0\0\0\0\0\0\0\0\0\0\0\0\0\0\0\0\0\0\0\0\0\0\0\0\0\0\0\0\0\0\0\0\0\0\0\0\0\0\0\0\0\0\0\0\0\0\0\0\0\0\0\0\0\0\0\0\0\0\0\0\0\0>V\\\Y\yu}]w\\5ީ4\F\惔\\<U^ڋ\\1/]7f\0\0\0XW\\s\\"br\(Lfw	WOO\\k\hz\z\\_`D@\0\0\0\0\0\0\0\0\0\0\0\0\0\0\0\0\0\0\0\0\0\0\0\0\0\0\0\0\0\0\0\0\0\0\0\0\0\0\0\0\0\0\0\0\0\0\0\0\0\0\0\0\0\0\0\0\0\0\0\0\0\0\0\0\0\0\Җz:=&6\-\M=g\\\\\-rkۉ5\0Nh]\Z\gjc<\ǣ\s\5\	,7\3L$\W\rc\N\S8m\F{\0\0\0\0\0\0\0\0\0\0\0\0\0\0\0\0\0\0\0\0\0\0\0\0\0\0\0\0\0\0\0\0\0\0\0\0\0\0\0\0\0\0\0\0\0\0\0\0\0\0\0\0\0\0\0\0\0\0\0\0\0\0\0\0\0\0\@^v\.^ڳ\F8!\'xbn\7h\nb|\\<\\Jm]7*CJ\~~{c7\f7\Q\'!5oɎcLӜ!S9񡈓]\\O\\^\V\\0\0\0\0\0\0\0\0\0\0\0\0\0\0\0\0\0\0\0\0\0\0\0\0\0\0\0\0\0\0\0\0\0\0\0\0\0\0\0\0\0\0\0\0\0\0\0\0\0\0\0\0\0\0\0\0\0\0\0\0\0\0\0\0\0_)^[G	i@\hZ2lj\\0Hd\yqw\׎qK[\\t\&ƾm}.\wg\Zw\=ϋ.361ty򺓛HQ5\k]s̋_y[[]@$\0\0\0\0\0\0\0\0\0\0\0\0\0\0\0\0\0\0\0\0\0\0\0\0\0\0\0\0\0\0\0\0\0\0\0\0\0\0\0\0\0\0\0\0\0\0\0\0\0\0\0\0\0\0\0\0\0\0\0\0\0\0\0\0H=/?E\\k\w\4ٮr\\-4˗S>\b\g=\˦La\<ۍ\rq\\\՞Ƕ<θ{n7\[+\\֒\\;\5٧v$߱\ZD\\\\)9+-\7\V5<\\0/g\\"x&j\0\0\0\0\0\0\0\0\0\0\0\0\0\0\0\0\0\0\0\0\0\0\0\0\0\0\0\0\0\0\0\0\0\0\0\0\0\0\0\0\0\0\0\0\0\0\0\0\0\0\0\0\0\0\0\0\0\0\0\0\0\0\0\0\]y^o^|)[:\n,\\<Ǘ}h\\a\~ѶtkKU\\1\юz\\\/\:o\H[)Rw\lNmB\\\\\X]im=\\\\k\pbg{\A\MT\0\0\0\0\0\0\0\0\0\0\0\0\0\0\0\0\0\0\0\0\0\0\0\0\0\0\0\0\0\0\0\0\0\0\0\0\0\0\0\0\0\0\0\0\0\0\0\0\0\0\0\0\0\0\0\0\0\0\0\0\0\0\0ϧ7u޽4\\\ɤ>\.)n|\tzUZ\\]aM֑\\Jg&ݹYV\q޻;r\ۆ5\b\VsggV3]a1\}c\k\y\W{\5:\KQzF\\\k\x\X\r\]׫=\{C߃2,\0\0\0\0\0\0\0\0\0\0\0\0\0\0\0\0\0\0\0\0\0\0\0\0\0\0\0\0\0\0\0\0\0\0\0\0\0\0\0\0\0\0\0\0\0\0\0\0\0\0\0\0\0\0\0\0\0\0\0\0\0\0:OBBseqb֖-a]t\U\0<9*-*^V3\\\?17׬}M\\f=-h\ţ\y<\\7ߗJ\e\Le6j6\6[;chѶ;\\ms\g\ۗ~__\\\Zߕ[eQ\h\0\0\0\0\0\0\0\0\0\0\0\0\0\0\0\0\0\0\0\0\0\0\0\0\0\0\0\0\0\0\0\0\0\0\0\0\0\0\0\0\0\0\0\0\0\0\0\0\0\0\0\0\0\0\0\0\0\0\0\0\0\0\0<\\b\\Y<hi\}.}#N\ZXq>w8\l\\5\ܹs\͇\Z:[5\<v\ў+j\tVY1\\>\\\h\;Mk\f.\iɮ\\IM\Xˤ\>O\\>4W\\"nc\߼q\mɿ^}8~\\\ۧ\S\\\\\x+\0\0\0\0\0\0\0\0\0\0\0\0\0\0\0\0\0\0\0\0\0\0\0\0\0\0\0\0\0\0\0\0\0\0\0\0\0\0\0\0\0\0\0\0\0\0\0\0\0\0\0\0\0\0\0\0\0\0\0\0\0\03?^\5 {?v\Bi]Nܬ3\\yI|\\^imX\\Z\m+\}D\gz\z_+h\j\\O[\zRִ\Yιms\~\Zˎ[[\"\j\e1\r\\v\\W\8\ImY7B\0\0\0\0\0\0\0\0\0\0\0\0\0\0\0\0\0\0\0\0\0\0\0\0\0\0\0\0\0\0\0\0\0\0\0\0\0\0\0\0\0\0\0\0\0\0\0\0\0\0\0\0\0\0\0\0\0\0\0\0\0\0\Z|\\)>ڽm\۾\3\u谧5|\W47\\}+_9U̙\o/)o9}s\Jǟ;\i5oe[\]q%7ĵ\\8\gtڿ^\\x7\\\W`\0N\-/y}>gy1g\b3\m\!M\0\0\0\0\0\0\0\0\0\0\0\0\0\0\0\0\0\0\0\0\0\0\0\0\0\0\0\0\0\0\0\0\0\0\0\0\0\0\0\0\0\0\0\0\0\0\0\0\0\0\0\0\0\0\0\0\0\0\0\0\0\n7w\i\'\\z3˔;qf\:ߥL\m\:Ϟ\w\S\\\Pgj4C߼\\Z\;z<\Vү\G\뾹M_t̹g\'\z\lu\KM\\\ۚ9u\|m-\WS \@N\s\\'\W{?.\\gWs\\\\6_g~y\0\0\0\0\0\0\0\0\0\0\0\0\0\0\0\0\0\0\0\0\0\0\0\0\0\0\0\0\0\0\0\0\0\0\0\0\0\0\0\0\0\0\0\0\0\0\0\0\0\0\0\0\0\0\0\0\0\0\0\0\0\09\\\uN\\\DN\n\\ӝYV\ciu\Lu\:x\\\0<l\,<kRڷ\7ǥy\9t\\:\01_\WcړL\\t\);OmIx\ko\\\z\\㎜\͉Q浑oc\>u\\zû|gJ(ޣH\3\yh\\\\?_\]<\\>\0\0\0\0\0\0\0\0\0\0\0\0\0\0\0\0\0\0\0\0\0\0\0\0\0\0\0\0\0\0\0\0\0\0\0\0\0\0\0\0\0\0\0\0\0\0\0\0\0\0\0\0\0\0\0\0\0\0\0\0\0ywy}!mǯhx8˨X׆^m=\0\S\\\/Qon)\\l\AΜ\\w\/mm~\oG_[\~8D$D\U\]\#\mkp\$_\do_۫8\\\\n~b\k\t͑\\YtM-\/`\ϽG\\rYP\"i7\)\0\0\0\0\0\0\0\0\0\0\0\0\0\0\0\0\0\0\0\0\0\0\0\0\0\0\0\0\0\0\0\0\0\0\0\0\0\0\0\0\0\0\0\0\0\0\0\0\0\0\0\0\0\0\0\0\0\0\0\0R#Y\\z\\\^Yu\\\_O\3y:\l O\\-\oD\֑t1Qx!]x,\\L\q\Z7\\Nҝ\\\V^~\\q\z\Z2J}v\\\{o+긺u\dc\Zぜ\=\>\\{{\\Q\nl\0\0\0\0\0\0\0\0\0\0\0\0\0\0\0\0\0\0\0\0\0\0\0\0\0\0\0\0\0\0\0\0\0\0\0\0\0\0\0\0\0\0\0\0\0\0\0\0\0\0\0\0\0\0\0\0\0\0\0\0kؙo&gWɽ`y\0M\\0\0U֣\?[\\\\\z*K?\lIQ\>\RLۿ\uζi\\Yk*?s؇Dֻ|\\?$޷YȏKF\O98[s\^\)oJ\_C\2s,GS_\ͅmww\r4\\e\\LY®\\g\=\0\\<\kWP\0\0\0\0\0\0\0\0\0\0\0\0\0\0\0\0\0\0\0\0\0\0\0\0\0\0\0\0\0\0\0\0\0\0\0\0\0\0\0\0\0\0\0\0\0\0\0\0\0\0\0\0\0\0\0\0\0\0\0YHϽ\\\/\\\~a\\Y\\zp\ruH;Gf~vƵk\[<;,1G*gJַ\3\_U\#\kO;\1ӪosF,\LNYR\/`y\'\\Z\I9ݮ̣\\6\xbF\'}5\s\ink}dc*\w\v\\_/\o\]\<o9yy\\K\A\gf3p$\0\0\0\0\0\0\0\0\0\0\0\0\0\0\0\0\0\0\0\0\0\0\0\0\0\0\0\0\0\0\0\0\0\0\0\0\0\0\0\0\0\0\0\0\0\0\0\0\0\0\0\0\0\0\0\0\0\0\0s\ke\"A y[Z\\c6Uv|w\˥|\w3CWkOl&đ\\\\\dpNݶu*Mt5\\Ҹw96\F7\T\\ޛhΙӧ\e4\\!8;*}j{\\L\\-4\a\&\0=o\_Sڮ]t\\\'T\\Ґ3\0\0\0\0\0\0\0\0\0\0\0\0\0\0\0\0\0\0\0\0\0\0\0\0\0\0\0\0\0\0\0\0\0\0\0\0\0\0\0\0\0\0\0\0\0\0\0\0\0\0\0\0\0\0\0\0\0\0\0\0\0\0\0MsIE5}\bƺw/g\]\v\Tw\=5髟Ҳt\\ſ?7\[V6Y\nR]u%.\N{KEJؘz\\&q^\vD|\1o]\~\s[]7\,׿\\gmӫ0\}>)\\\Lp*\0\Xۊ\y](9\".\0\0\0\0\0\0\0\0\0\0\0\0\0\0\0\0\0\0\0\0\0\0\0\0\0\0\0\0\0\0\0\0\0\0\0\0\0\0\0\0\0\0\0\0\0\0\0\0\0\0\0\0\0\0\0\0\0\0\0\0\0\0\07\ww\r>L\\\tۭ\\Yz\Z<7\\'\r=ն77\JۦZ6n\vڶ5Vp\\\i\Kk[9\z\/\QJEW3/L\kMcL\}\/by*/g\ylk75_y_\\l\j2\\0\0\0\0\0\0\0\0\0\0\0\0\0\0\0\0\0\0\0\0\0\0\0\0\0\0\0\0\0\0\0\0\0\0\0\0\0\0\0\0\0\0\0\0\0\0\0\0\0\0\0\0\0\0\0\0\0\0\0\0\0\0\0\0!\\\\|\0rD\;=`\\\	mz+\nַ\=MzW\\|O\˖I:k\\'|\f(\lN+\c%fVYsGѓ\Z\d\\mlf6\Zo2\<\0\\OoWxZZ\0V\\\\`C\y;k}$\hF=:|\\l\0\0\0\0\0\0\0\0\0\0\0\0\0\0\0\0\0\0\0\0\0\0\0\0\0\0\0\0\0\0\0\0\0\0\0\0\0\0\0\0\0\0\0\0\0\0\0\0\0\0\0\0\0\0\0\0\0\0\0\0\0\0\0\0\\zyi\e}^:\I\]U\<福\\Yk\\_ߥ׺\zM\)\v^6=Dy\Ϋ~\l]\\\h\#I{7~Zβ\\l\\\ӫ3l˺\\\\\._@|vu\A\\\0:^\M;\0\0\0\0\0\0\0\0\0\0\0\0\0\0\0\0\0\0\0\0\0\0\0\0\0\0\0\0\0\0\0\0\0\0\0\0\0\0\0\0\0\0\0\0\0\0\0\0\0\0\0\0\0\0\0\0\0\0\0\0\0\0\0\0\==F]p\}\]\\'\\68}%=u@\i4m\}\\ms\I򾊢&,W\	p\\\+\rv\6-.\Ӟ.%\:ؙo^\rkC֗{\6\\8}^H\@ZW_\\h\\0\0\0\0\0\0\0\0\0\0\0\0\0\0\0\0\0\0\0\0\0\0\0\0\0\0\0\0\0\0\0\0\0\0\0\0\0\0\0\0\0\0\0\0\0\0\0\0\0\0\0\0\0\0\0\0\0\0\0\0\0\0\0\0\\\'KyK\\9x\$yx\GTj9Qz2Ӟ\]+xXώ\\ע8Ʊ9\4mF\\9ߞSp5\'|\9\)_QΞkS\"ɱ\[>5\+\\\ZE\P:&Ӭqz*+\\0\0\0\0\0\0\0\0\0\0\0\0\0\0\0\0\0\0\0\0\0\0\0\0\0\0\0\0\0\0\0\0\0\0\0\0\0\0\0\0\0\0\0\0\0\0\0\0\0\0\0\0\0\0\0\0\0\0\0\0\0\0\0\0\0w[ܶ\vVQ\\&k\٭;C\\|b\D\\Hj/\0\0gL\\Դ\S \\c\\{s=\FH\\Z\׽t\\@FV\~k\ӆ\w	=>\r\0;裤#p\0\0\0\0\0\0\0\0\0\0\0\0\0\0\0\0\0\0\0\0\0\0\0\0\0\0\0\0\0\0\0\0\0\0\0\0\0\0\0\0\0\0\0\0\0\0\0\0\0\0\0\0\0\0\0\0\0\0\0\0\0\0\0\0\/Oq\/	jl5z=\Weŵ4r[~\\r3SwU.X\<m\:\$\a@$8\ϰ\\qj\\ll\/\t}g>W\\=\:\\\Fr\\5\\\Vۚƹaw\9\\P\0\0\0\0\0\0\0\0\0\0\0\0\0\0\0\0\0\0\0\0\0\0\0\0\0\0\0\0\0\0\0\0\0\0\0\0\0\0\0\0\0\0\0\0\0\0\0\0\0\0\0\0\0\0\0\0\0\0\0\0\0\0\0\0\0|\?=Ϫ\\\\\\j-7\mCV\\F\	\0\` \lggXdHv:F\kFռ\.\'McK\f7\\q\\.\Y:pN+\Z\79\\"g\8Oۄ\k\\0\0\0\0\0\0\0\0\0\0\0\0\0\0\0\0\0\0\0\0\0\0\0\0\0\0\0\0\0\0\0\0\0\0\0\0\0\0\0\0\0\0\0\0\0\0\0\0\0\0\0\0\0\0\0\0\0\0\0\0\0\0\0\0\0\0\\7eN\ș-vxM\~n\"\o0\Ëmd\6\\m玹O=ws\34e`F5؃9N9Ki\W\y\FۆoXNly\f34	\0\0\0\0\0\0\0\0\0\0\0\0\0\0\0\0\0\0\0\0\0\0\0\0\0\0\0\0\0\0\0\0\0\0\0\0\0\0\0\0\0\0\0\0\0\0\0\0\0\0\0\0\0\0\0\0\0\0\0\0\0\0\0\0\0=\xžV\0\\;\n\Rxۛ,\',O<\\\I\=\5d[\ltjh\[\\\al!.WlK\|sӔו馩\]s=?a|z\sWٗ@L\0\0\0\0\0\0\0\0\0\0\0\0\0\0\0\0\0\0\0\0\0\0\0\0\0\0\0\0\0\0\0\0\0\0\0\0\0\0\0\0\0\0\0\0\0\0\0\0\0\0\0\0\0\0\0\0\0\0\0\0\0\0\0\0\0ʏi\\վ\"wciӓ\sWLdF&ø)\薻a!\\箬[]& \~f\\qv\P:W6]\3\pז]yj-9m之\u\V\L\\p\0\0\0\0\0\0\0\0\0\0\0\0\0\0\0\0\0\0\0\0\0\0\0\0\0\0\0\0\0\0\0\0\0\0\0\0\0\0\0\0\0\0\0\0\0\0\0\0\0\0\0\0\0\0\0\0\0\0\0\0\0\0\0\0\0\0~]U\\>\\\Ge\оY5ci5\#cӝ\r\ێ3\L[Xu\7{*Kc\ڢ5坦eκ\)2ӋQ)\Y[\.v\sl%W\k+N\\g\H\0\0\0\0\0\0\0\0\0\0\0\0\0\0\0\0\0\0\0\0\0\0\0\0\0\0\0\0\0\0\0\0\0\0\0\0\0\0\0\0\0\0\0\0\0\0\0\0\0\0\0\0\0\0\0\0\0\0\0\0\0\0\0\0\0\0\0K\}/o=\6Z\8L˺)=?ӗ{Pr\lA#צ47KN>.\o_\[J\0y\&9\\N,\\F\\rxUֽNH\0\0\0\0\0\0\0\0\0\0\0\0\0\0\0\0\0\0\0\0\0\0\0\0\0\0\0\0\0\0\0\0\0\0\0\0\0\0\0\0\0\0\0\0\0\0\0\0\0\0\0\0\0\0\0\0\0\0\0\0\0\0\0\0\0\0\0\0\014yg\*	پQu\.Ֆ]n]\ɏ9c\\\_a\HSy\\1%w\\4qiQd;߄N5ٺ$#ʁ\ZXz{~B\G_%&\~[\\qr\iz7\\n)/\*\>\0\0\0\0\0\0\0\0\0\0\0\0\0\0\0\0\0\0\0\0\0\0\0\0\0\0\0\0\0\0\0\0\0\0\0\0\0\0\0\0\0\0\0\0\0\0\0\0\0\0\0\0\0\0\0\0\0\0\0\0\0\0\0\0\0\0\0\0/yI|1L\0[e\\H\+q\Қ˧\\ݸ\.).22\^T&r\\ϋ\r\3i\Ց~[$\Ɠǝwᄉ\\v\7طw\E\u\.s`ӦGn\\gekf=a\0\0\0\0\0\0\0\0\0\0\0\0\0\0\0\0\0\0\0\0\0\0\0\0\0\0\0\0\0\0\0\0\0\0\0\0\0\0\0\0\0\0\0\0\0\0\0\0\0\0\0\0\0\0\0\0\0\0\0\0\0\0\0\0\0\0\0\0dUF6\	|\\\gʗ\\nfwanq]gNZ8\\GZ\\vѳ\\\'3&\\h]y[\7\YzF\b*N>\Zo\n|\G1p\	b\\tv[\c\	\0\0\0\0\0\0\0\0\0\0\0\0\0\0\0\0\0\0\0\0\0\0\0\0\0\0\0\0\0\0\0\0\0\0\0\0\0\0\0\0\0\0\0\0\0\0\0\0\0\0\0\0\0\0\0\0\0\0\0\0\0\0\0\0\0\0\0\0z\00O\y\0Jި1\<\V$G\,I\\\\\QΦu4\E\NUt\\	N2#\[{O5\zj\V:\Y}\\\\SF\\GGoU]k\\ɰ{X\0\0\0\0\0\0\0\0\0\0\0\0\0\0\0\0\0\0\0\0\0\0\0\0\0\0\0\0\0\0\0\0\0\0\0\0\0\0\0\0\0\0\0\0\0\0\0\0\0\0\0\0\0\0\0\0\0\0\0\0\0\0\0\0\0\0\05\Wr\i\\0-bմ65\w\\r&Wʠ\\Ӟ\\\ԉ<Z\\gz\β\3\\7\\q\f\\'\\L\=3椺\v\Q.ݜ\9m\5\\c\C\iF}\0\0\0\0\0\0\0\0\0\0\0\0\0\0\0\0\0\0\0\0\0\0\0\0\0\0\0\0\0\0\0\0\0\0\0\0\0\0\0\0\0\0\0\0\0\0\0\0\0\0\0\0\0\0\0\0\0\0\0\0\0\0\0\0\0\0\0\0\\[.c^PHhSJz8~*6A#/\|_O\ft6\#ק\\\X\\˟V-gh=$Ϝ\:\\W\Z\\َe7\\g#\\}k!ƞ\y_U\\0\0\0\0\0\0\0\0\0\0\0\0\0\0\0\0\0\0\0\0\0\0\0\0\0\0\0\0\0\0\0\0\0\0\0\0\0\0\0\0\0\0\0\0\0\0\0\0\0\0\0\0\0\0\0\0\0\0\0\0\0\0\0\0\0\0\0\0{\\\^pŵE\-4|ګSN[i2:k\׹\Vyyc/\\%\\\Z\z\&Rsj\yc\\e폈5\ݽtIr\F8oY[\ۯ8\\Cԑ\T˘)pH\0\0\0\0\0\0\0\0\0\0\0\0\0\0\0\0\0\0\0\0\0\0\0\0\0\0\0\0\0\0\0\0\0\0\0\0\0\0\0\0\0\0\0\0\0\0\0\0\0\0\0\0\0\0\0\0\0\0\0\0\0\0\0\0\0\0\0\0SM5\1ҕoi\=Zd}Q\\'j?{N[\<\͝0\t\Ŭ*=\4\>/T\0:Oou_:F\\\'GNŞ>n\'\3\Z㏣YƲ1~xN\\3>\0\0\0\0\0\0\0\0\0\0\0\0\0\0\0\0\0\0\0\0\0\0\0\0\0\0\0\0\0\0\0\0\0\0\0\0\0\0\0\0\0\0\0\0\0\0\0\0\0\0\0\0\0\0\0\0\0\0\0\0\0\0\0\0\0\0\0\0\0(jQ\\G\[Uqb\\iy3\[?C]sV\1}\[;\zu\;p!5s\\\k\\*Vzδүݛ\<\\>];\X\w\.\jR/\^G̜B\0\0\0\0\0\0\0\0\0\0\0\0\0\0\0\0\0\0\0\0\0\0\0\0\0\0\0\0\0\0\0\0\0\0\0\0\0\0\0\0\0\0\0\0\0\0\0\0\0\0\0\0\0\0\0\0\0\0\0\0\0\0\0\0\0\0\0\0\0;>wf\\Č\ F\\\\wNi\i\eA\\\\\\Zo	wWl+\H4ۼ\o/Kn;[xmE.+]:S2 \0\0\0\0\0\0\0\0\0\0\0\0\0\0\0\0\0\0\0\0\0\0\0\0\0\0\0\0\0\0\0\0\0\0\0\0\0\0\0\0\0\0\0\0\0\0\0\0\0\0\0\0\0\0\0\0\0\0\0\0\0\0\0\0\0\0\0\0\0\0ƒ\7\'\\\3FpEU\\\\\׶\e\\c\UʖӐ3bU9v\2\'qx\U3R~\m\¶\r𯻋s|\^}\0\0\0\0\0\0\0\0\0\0\0\0\0\0\0\0\0\0\0\0\0\0\0\0\0\0\0\0\0\0\0\0\0\0\0\0\0\0\0\0\0\0\0\0\0\0\0\0\0\0\0\0\0\0\0\0\0\0\0\0\0\0\0\0\0\0\0\0\0\0\0\0\0\\\\\\I\Mλ\"VZg\}\;\L\\"k7\IǬ\v6\\踚M<\?[Ic^f\\\<\r~~:|\lۣLrǸ\0\0\0\0\0\0\0\0\0\0\0\0\0\0\0\0\0\0\0\0\0\0\0\0\0\0\0\0\0\0\0\0\0\0\0\0\0\0\0\0\0\0\0\0\0\0\0\0\0\0\0\0\0\0\0\0\0\0\0\0\0\0\0\0\0\0\0\0\0\0\0\0\0/E\ ^羳\זmY=yw˫u\\\6F\s\c5\i\\\\sƓ~	b-ؖ</V#w\5ǳz|J\\yv\\=P\\\0\0\0\0\0\0\0\0\0\0\0\0\0\0\0\0\0\0\0\0\0\0\0\0\0\0\0\0\0\0\0\0\0\0\0\0\0\0\0\0\0\0\0\0\0\0\0\0\0\0\0\0\0\0\0\0\0\0\0\0\0\0\0\0\0\0\0\0\0\0\0\0\0h/[ZSg	\ N\Λsz\g\\}\\\Zo^\0o\M\q45\|p\E5\h\3\v6\l\0\0\0\0\0\0\0\0\0\0\0\0\0\0\0\0\0\0\0\0\0\0\0\0\0\0\0\0\0\0\0\0\0\0\0\0\0\0\0\0\0\0\0\0\0\0\0\0\0\0\0\0\0\0\0\0\0\0\0\0\0\0\0\0\0\0\0\0\0\0\0\0\0\0\n\cGےo{+]H\0\*?~\:g.\粻\\"թ8\\\\0\\Mkۄ\\\Cm<q\2W\0\0\0\0\0\0\0\0\0\0\0\0\0\0\0\0\0\0\0\0\0\0\0\0\0\0\0\0\0\0\0\0\0\0\0\0\0\0\0\0\0\0\0\0\0\0\0\0\0\0\0\0\0\0\0\0\0\0\0\0\0\0\0\0\0\0\0\0\0\0\0\0\0\0\\&e[;\\z\jFg\Ι\1mic,\\\uyA\0\08xoG\mMni~m\\f\^N\0\0\0\0\0\0\0\0\0\0\0\0\0\0\0\0\0\0\0\0\0\0\0\0\0\0\0\0\0\0\0\0\0\0\0\0\0\0\0\0\0\0\0\0\0\0\0\0\0\0\0\0\0\0\0\0\0\0\0\0\0\0\0\0\0\0\0\0\0\0\0\0\0\0\0\0\R?\yty\z6\Λ\Ϥ\}i\Q6S^\\d8H\0\0)k\ӑ\}\0\0\0\0\0\0\0\0\0\0\0\0\0\0\0\0\0\0\0\0\0\0\0\0\0\0\0\0\0\0\0\0\0\0\0\0\0\0\0\0\0\0\0\0\0\0\0\0\0\0\0\0\0\0\0\0\0\0\0\0\0\0\0\0\0\0\0\0\0\0\0\0\0\0\0\0\0\\j\\\м\,\0\0\0\0\0*eH\&\0\0\0\0\0\0\0\0\0\0\0\0\0\0\0\0\0\0\0\0\0\0\0\0\0\0\0\0\0\0\0\0\0\0\0\0\0\0\0\0\0\0\0\0\0\0\0\0\0\0\0\0\0\0\0\0\0\0\0\0\0\0\0\0\0\0\0\0\0\0\0\0\0\0\0\0M\а2kәj:sq>]\0\0\0\0\0. \0\0\0\0\0\0\0\0\0\0\0\0\0\0\0\0\0\0\0\0\0\0\0\0\0\0\0\0\0\0\0\0\0\0\0\0\0\0\0\0\0\0\0\0\0\0\0\0\0\0\0\0\0\0\0\0\0\0\0\0\0\0\0\0\0\0\0\0\0\0\0\0\0\0\0\0\n]#ǾSpW\U#\\\\z\i\0\0\0\0\0\0\0\0\0\0\0\0\0\0\0\0\0\0\0\0\0\0\0\0\0\0\0\0\0\0\0\0\0\0\0\0\0\0\0\0\0\0\0\0\0\0\0\0\0\0\0\0\0\0\0\0\0\0\0\0\0\0\0\0\0\0\0\0\0\0\0\0\0\0\0\0\0\0\0\0\0\0E\\Ү]\\\\\[6]f3]\0\0\0\0\0\0\0\0\0\0\0\0\0\0\0\0\0\0\0\0\0\0\0\0\0\0\0\0\0\0\0\0\0\0\0\0\0\0\0\0\0\0\0\0\0\0\0\0\0\0\0\0\0\0\0\0\0\0\0\0\0\0\0\0\0\0\0\0\0\0\0\0\0\0\0\0\0\0\0\0\0\0\0\0\! \0W\?m\߱NDX\0\0\0\0\0\0\0\0\0\0\0\0\0\0\0\0\0\0\0\0\0\0\0\0\0\0\0\0\0\0\0\0\0\0\0\0\0\0\0\0\0\0\0\0\0\0\0\0\0\0\0\0\0\0\0\0\0\0\0\0\0\0\0\0\0\0\0\0\0\0\0\0\0\0\0\0\0\0\0\0\0\0\0\0\0\0\0\\a\0\0\0\0\0\0\0\0\0\0\0\0\0\0\0\0\0\0\0\0\0\0\0\0\0\0\0\0\0\0\0\0\0\0\0\0\0\0\0\0\0\0\0\0\0\0\0\0\0\0\0\0\0\0\0\0\0\0\0\0\0\0\0\0\0\0\0\0\0\0\0\0\0\0\0\0\0\0\0\0\0\0\0\0\0\0\0\0\0\0\0\0\0\0\0\0\0\0\0\0\0\0\0\0\0\0\0\0\0\0\0\0\0\0\0\0\0\0\0\0\0\0\0\0\0\0\0\0\0\0\0\0\0\0\0\0\0\0\0\0\0\0\0\0\0\0\0\0\0\0\0\0\0\0\0\0\0\0\0\0\0\0\0\0\0\0\0\0\0\0\0\0\0\0\0\0\0\0\0\0\0\0\0\0\0\0\0\0\0\0\0\0\0\0\0\0\0\0\0\0\0\0\0\0\0\0\0\0\0\0\0\0\0\0\0\0\0\0\0\0\0\0\0\0\0\0\0\0\0\0\0\0\0\0\0\0\0\0\0\0\0\0\0\0\0\0\0\0\0\0\0\0\0\0\0\0\0\0\0\0\0\0\0\0\0\0\0\0\0\0\0\0\0\0\0\0\0\0\0\0\0\0\0\0\0\0\0\0\0\0\0\0\0\0\0\0\0\0\0\0\0\0\0\0\0\0\0\0\0\0\0\0\0\0\0\0\0\0\0\0\0\0\0\0\0\0\0\0\0\0\0\0\0\0\0\0\0\0\0\0\0\0\0\0\0\0\0\0\0\0\0\0\0\0\0\0\0\0\0\0\0\0\0\0\0\0\0\0\0\0\0\0\0\0\0\0\0\0\0\0\0\0\0\0\0\0\0\0\0\0\0\0\0\0\0\0\0\0\0\0\0\0\0\0\0\0\0\0\0\0\0\0?\\01\0\0\0\0\0 1!p\"#023$4@ABC\\0\0\0dK \\\\\rN&2ڳ7F>f˯;/;\J\9݅\>L**iu\}\3\]R1R۱6\\$%$؛ݙ\pl\nӛ\\Y\em2\/s^.1\"7\y`x5(^{O\-R\\n\m9c?ۧve$8]TTg\\fh\Z2XdmV}Y\rz\\f*bEyf@<C۩O,.\"ĺ_\Z\Fקd\ĥԧ4\\\0zWP^m\֓vl\/M+C\8bqS?n,\\EcQM̧>-QN#\]\uLɈ_\0\\1F\\\0=˒$\\'ahۈ{sn~H\ԙ9s~\!Oz\\EʊE,\\LT\β\++\\\!\11l͆R?\F>\&<=?N>2\{\f(Tץ98f{\\\ɼmv\0$_\x\LV}3\I\nS\\n{\\˳r]t\@W\H\\\dQJyN,\\۳;;\u\H[\\v97҃\\Pv$r2e\Q\ Q\Y\ꤏL\p:quXuYT@#	$)Ox\/#\\=Om\OЋ\\"\'/\B}5d\"\!A;簢\L6]zlo\g|\"7.\rB<G\GvmBV)B`?^^\tf\XX\\\\,\RU\\\u\\'~\}D\i\\\Dɛ/`\.N\\L:\\Fue)ݑ\\䈳\\\j$\8\%.\"\\\,ʈ\mD\"\?\߾\"M2\P\_\'ݥe\\0\t\"wwz53)r$\$1(GN.9Dtѷ\\\\\\\Pae<\;;	:c&M\"ggـ4.\0T\\FI\ Vr\\#>\+G\l.Oז~\w,*9&\0\ZsHjY8SxX\\ݤɑV\#RP;\׎áwdƙ\\2\"\\pC\\I\\\Ù\?N6gw7j77ڕ \0\0e$HO\J\ñ\\4YQY\'=y\\=*eG)\\S;\#Y|G\Ekz\\1d=>jg|2_\%^W3y	\}#sBE\HDg\kR|WM\j)UQ\0F̎Bt\ӧXw]\\XUx5\~k	_\r\\\O^\\XU\\?ac\m\4M%Zhk\G[?\\_\\ZQ$+\\Mv/\^]H\H\´/\\Y\Daj~J\r:\e!\OZMg3\v7H;$~!\H\\"N۶\Z<Q9;iq}rul\oา\}7\\\\>՜eZ-\nS\\'\\pO*&G\"aesXOYW|A#\<Vy:\\\+	YYd\\{bֽdP\iQ9*۟#ũ\Z\\\g$e,5VD\Zk%\'cl\<iVPzo\\n\\4Q\\B:8FY\ZNZ\[ΊLd\yT\\ϵWm8C\,DfR:afw.\\!\Y	\	\\f\\\)fegvm.5t\g\0@x/<cR;\"~\|ôM\-\\MZ32p7\\IRdN\.y<Dܥ\"ai$yOg|)fwz\\Z5(G\"\\vl6\l\x3jo9Y\o\\\r[\_jl\S\\0|;XW\\*#\\ɹ\'\\Nz\Tf(a楛&lm3L\lА\\"\\B\\\\9>>fQɴψ\\i3)\y\Ӡ\߱ՐD!\Յcnӑᕟ\J)d)J:\\M\Qi&Qhj->	\MRqaac\k,\\)\6xW^?\\m]>֟Tk+Eш[ڗ᫡Qo	0\u99(\;\i\0O\Z}z\2;,(\)V&Q׮\43H\YzubQ\$Q\\-KOr\)){b\8\2k]4r\/ce\|m[\\U<{Q*\\,%bgXèrP\0\"\aÃ`MЉ<\=ykV47e4\Ě\*	W)*eҁYp\.\{Uj\(e\=W\\Ya28z\\}\ \~͝?ԩ\_\g\Q/\0\\\Eu]\3IJҾQ-N\D6\ZƇIIaާy\\mʠ\\ģ8;ei\l39لfK+;\,vNәii\2\^\j,jgs\"3\6\%\\N+{\\0Z32\ѮpvQMZ4\\7\Ġ\iBH22tB\\\r\)J	/Shٟ-\z\8\\U-G\$I\{\\OQEUumz\/RNf1\D<?\6\\\B<FoX BJ#b&\D\Zͩ-b&vl=(VU\p,7|\\0پs#K..\i#p\[\rbE\\O\>cvi\ү8\\g\\ڸ1DoQ\}F~Es).Nc\\'$u̕2w:\\j:Tht\(bB\2\ʕ \0\U\k4%\'h̊䨬y	\_aI-ۋ!(\\RPg\Vٛ]፡\;zok-7u;\$\=?\\\雤\\)H]˾)\'3\ܚX\"e\'\xX\\\냬H\/\#\awm<B\%ĭ\\\fퟣ\%J;6]3q\<\*\r\6\=\"Z\?T\J\<eR\\T\CH?\\~}( L7.Nb!&\pf|2î;Źv\0_KfRM^ͫ:y\\VcPjICm_(ep\v\у\mwaa\\nb\i\'\"`QP>\<L҆\\+T\ףPxe\0\'/cĐ6	ц\r\~*_,Z](Ֆf5z\n6jUԑ\_a|:frvfA^)$)\gÉ0\r=cdC\6\܋Jox\l\\bi\rA$2\\\\Q(N\7\l\\Q\'Q<2\0\ފg\5ix\8dW.s:uoFTZY\\6\P\ˀPZ\mEE3ƊĤm\0%}Ĺ7f\\j&e+\Z\}\\'\p\'.M\\OJ(I\\5&8+jV+!\MX\?my&Up?\E0щT;)e#\\˶6f\[/2]AcbvCNw\:Kzo8&\U,W\oS{I`\ʬͶϳ3Ԥ\v16V!\0C2e}U+|h>xA_.5#moTޛE;S\\\F,\\\*9$y\Z\Wc;2u\rԏ\;\m Hb\I\JBPkv2rcFl]*_Χ\O9\KE\(3\nյ,l͸6Q\VqY;繢)R>Vha\\\\:\:`q}GͺmJ\\Kϴd\X[#\\\~bi\\c\y\YJO0Wy\\\ݛpm8\w䲳\%\\Z>\z\͘ҢCT\Fh\Rt\\L-dG-3e\;*\\=\\Կ\\[G\?2/\\ɦV=\\h\.\CxL\tR\YK1\_`KB6.g١ZdQ?&\rv\\\s%Ȑzz\"~Gr\r	\L]\\\_\\2?\\'*\\VmV\ðv,,\\\QB@\\[\#\l\\\ggn\t#B\+Xu-\\'gge˂ck?\Yv\K,:t͆WOPzz})\;l;78Þ\]E	\oVe*F\g\o1k;\ޮ\\2m\"\K%+%闵ڟ\.ЦK.*J\fT\`\-Z\\ͳ&(~(\0U\EjyA8?X~\8\ڵimIVu[n+3m-+Zwnk*\Y2\\܏\\_?̦JuH1e\xd\\nB\4u`gӧ~w\Tt\n0E^5\\S[\ĵ-\\Z\\f\\\C EA6o3\\?6ڴMC_\"\R;2Vnxe\]\\VW桤9\1;\nQ\Z=vפ$ZCi*;>p[\r\\H1$\_{\,\0\2\>2\wIaeǦ\>IS\Z\\^\`]jW\DD{a3׏ᣱ4\b)H\'w/s:\\\Y\M\~jq\0!b\*MmPx|ʷ|\\HI);\>\lo\^\'\'\(/ȔP\`\S\(?~m\\u`\\0O\ghۧ:/\\ôTY\\,Q*\\"פ\Gv\L,\2yٛ.\Ŏ@$\'pe\?\e\0q\$@\ZKJ&dυU\n\5:4\Zhjt\`C\\\M=;HY3m$fJY\+\n-F\X,|T5\-~f7\e_\\K\0:V\\r/y:\\0 ˑ\*;Qqrv|.N\IcS\nф\nT\x\>{_(<Ս\z\O\Z\\*\\r>fBƈw똄weS\\\DIizj~&vgt\\\\Tf[Rs~\\/^\+5:m\\"\X\o>\\O-2\'`\0Xv\TL^W.yM\\0c?`[%a\zn#E4MV`\nI$ű|o\rbeP\?Y=\&8h]X\s\&\B@\6\\\\07̅Ʌg*m3\i\veN\n-\b\I쉕L\\ŽUv\\\a`\e\`y%=\fvv\|;g*8\%;q\*\hc\Kzn\\\H⼬\s\\\r\P|Lb\\\7Mv\7\ο$s?lo*r+T9\ٳ7@gQ\s\\0~v-r\{|\çi5y]5BMPV\˾rYt\05aZ}727(\܎]>՛7\\'$Q\\@\;c(Ǚ\}IP2&lmrS\0>1\\,}\r<\fm\q\[2ׁB\$iY;\Z]x\0	4JQp-9\ZF=\\0>mN]I\o]\n[CVY\jRS]]\U+R\0c\ޑ]Iu)u\\V7!✝\\\fi铰\û\\Im؝3a?$:T\eGfXa#\\0\\ŝ\q\\MȟXߏx/,\!\Z;G\w6@Nu*H;?z\0sr\\s\\"\0v&Y\\\y]W\ə9;\'IF\\׵GU5բ\klC\\Iq_\"\˙,\f\[<v\9;\P\3j\JE\\0\\sSwaaz,1(;k7-ٹ:3\wYO$\I\nG\Z/n\3{g,m,n\\\\0{qG\oOv3r\E\̌wfN\>e\;Fz\\qt\NO\'\ː\0߲7c7-\ɚ13\,\Q{g$\{oŘg\NNBn\sӝ\\\(G\!3 g\;\'w~\ڭb\'PF5=Gf\{ob.b\Ҵ!\$c\\\B;cy#\A\6\\\;\\0RFѵ9؊\"!\\0\\\ܴq˭Rls3gV\#!pu\m<ڶ\'޿ԄABw\'\t\e\x\9!\\0\rz0\}Bfaon̚03y\d\õ3H\.IO\k\N\W4;\#\\8\0XfGC\y\\>N-O7\\\6q$3oc\O|3fĄJB#vr\u\a9\Zp;-Flm\"\0p4ͅX00\煸\\ۻ3M+\*#AYK9<?\\To\c\\<%E\4\"\0bRn[~\o!*a\uX~DDd\f\\0\\aD͆$(K\\Jn\0-\0G+gg`\ZVܞ2\fp]\0\nYG	M\d#@(Cjz\l_\[\\r\\{y0\vOЉEMu\\\\ȃ\|\n^\r1df\oMI\Fwwq[G\\\\!Ӊ֣g\\vlJ?\39;mQ|c\BN/\\\"#yC\!q-ɲf]1هvg\\ZS\\9\E̦62PRd\v\ܱf\\I\[V]\\"\s\\'l\0*=q\TNo(b!WN\4@1HD\S67y3M&S6w\'\\x|\\MM?\[ҴLD\O\%\S:3\\\\	Q6W9m4+\̏za\|l\\\FQ:?\=\7\`\orۻ\'\99?dPPI.M#+3rv\L\\\axLܝOB)ى\hc+m\wٓ۩>Ƞ\\\lU)Ux6;\$dA\r}v|2c$0vOE\5Iq^Y*7\\{`\)%9;\rjE\\0ef\ȟvs|0s}ٲ\r;z}\$#=G_>d/\F̌\\v\r n1{q,\"h\ww~\\,&ٛړ\oTފB\\#oM\^@xFÍ\\wzu\\];wt!@R\\01c6_ǷV\O\\\0L\\/+\f\.O\⸮+.rcb!%\Ucm\\ٜ#h۱݅Vd\ԙ\\XyId%\3e\t}n\ӄA3cb~N;CF\\7\q\\W\w\μ)\Y\r;2 \\d\"\\[\\<a)cVMӻ҃\'\ԾWn;{\\O\\0R\rxո91\L\"\\|\]eD.O$Uep`\\Y,16\[0\"iL5\W\~+6^S\NZm~ox\G,\\Bt/\FL\0>\Z5]W\0<\X\Ʌ<\@V]vg)CJ/n\\\uc]x\ƨJw,}^#25!qmRz\\UjIk38O\\כmn\9iǒٲ@\9G5\\(\cX+zwR\\\]9&b7Wa\"3\nX\\ FVf\Z]\l\nQPUb\=v\\Z(\)\\0*¸y\\>ځi_gY\\!\\0\\ž[DMJ\'ww\fr{Ѐi\mzʧ<h(\Q\01ZP\\8\R\0}\[5{4o\\}>\ҖE\rx\9\\\CEJe)wA#󰻋\Ksc$\kHq>of\\b$C\\\l\\\ZWw\'\_\\P\\rh\Ca\ٲ\YO\O4%ip!W22@%0ffe^\'əF\xڜ][\Z`\\0?Wxbhc\r\0\\h7&a\"#%A)E_ҫ\\Je)c\)6m.,9Ϲy_[\\\\\Yj\9ݕx\nĢ\"?\\0y\\^(\Z\q]\rh99\0\6g\G#\\E1\CRfZM~EnEt\\jVUK\'@`\\\l[Zt]K:`ؿ\Zn\nNe\\M֕E/K\_\F/\믁\n(\V\\\\W[\H\AV(\"!r5Fŕ\ӯ\\\oV\\yr\P\SF0\\\\\Z%l	>!\\3)\IEH@\,x\\?ruf\\\ܝ\VTd\0)\nZ!\Z\\2;?dy7>T\\9<Q#Ǆ,ьlܭN28ȹK\\\\K\kzlD\%}BW\\E\?\u\\f\aQ\T4cbR\ы[QgqM\݅7UqQD\7g<\1\+PȑV\r\\322\'l\-\K3I\'Pz\0wr}\\}\Ѫ\QDѷwL9&\"s$\Vn3a\M!GD\X49\';\PWlE\\gP(\rO`\Ǎy;6ܻ2\iu\\è\Գ\p$Q\B\0Wd\X\\^Ā\\"ð\'\\囐\(iYn6;\`\'d\D03&@<[\\`i\\W\0\OIaV\\>\K\FSo\n\v#AF\(\f,3}\r\N++(cSVoz%\\*W\\ٓ\r\n\ݍU\.Em_\\/\#n\\\L\0FR\"p}\\"`n:39`\?\2\\0\\\\,CPgvr[\\>\{lZQ\n$\s(#hB\Qb^\F>u4\yS\3\\\!b\Eȫ\\\\AȠ|-m\\\苟\\c\iՋc\C\?{qt\j\K_ǿ\\0A\0\0\0\0\0!1AQaq \"2`BR\3br#\04CS\c\\0?\0\\\[-\{\pW}\\7x9\E\p\*\\0Tmn.	κݷ{Qf^\,0\"I*\;g\e\\\_6V\Juߧ4\\ѽ\\\~\F=\\׽5N؇jGT\f\\07FW\\llkrM\z\\2\\rFoҌ\௻z\\24Bwz\?B\NvaOr6NW\\r\xZZh\A㴢*xln\r\'`Mm<;\\?GH\\~_l\¥ǂrMym\qWN\\?ztmrtNy)\"d\SX\\\Y\xlq\\Z\n&\\,Mz\\\u;\d\\;\\Z\<ڭy3\0kuDՐ\\\\>3O\Q\hX䳜{M98}T\Zl[R\\\r1\\rng\0,p\\\\󪳷n\\\w6@sZmw\ޱW^hF\0\ދ%1\.檪B{8tI\\0!\\\\{Q\dy(@\<1\\=?ߩ@qƜ]\.7A2Er]{V#G4cpkcjQَE@nQ\\\0Uki􏣌Ԏ<(T5I\0\\O\c;\\\\r\7~\iq7l\\\1\д05F\ngm\Q2\^i҆\1WĢPv\@өDցhBF\M?h&2)xs\ޏlu\n\\\\\\\{פMm\'	\4\\yx[Y̏\OѪ\\\Z\Dq\\|\nW\w@Sߴ\M\\n\0laéT.jJ=.iEQo\T7v\C\ڒ]0݉V\[L\/s\įFٯp\\wR\\'qv\]\\ա\e73@tQWh\W\0\'z\r<>@}WJ\\ZO3] \\\\\qЭl\?\\kC,IwJW^\~&_To>*\#\?\\b\\wrT\\\pP^<ʟAx\Y\tiZ\\Z\hP\\H\<ALP;%e9+\k/c`\)\\o\\0\`𫕂\K\¼KɃpCWF\x\\1?T1\r+@ܨjPrlr\0My)cʕN\5\ꃲvݐ3C1\7/\n١\eǺ\]V\̲\ә{ 1\63Jv\o\03\lD\pR2\u\\+\^0PJ{TVQ]u6Wh*סC1\\\nMq)\m\_Y\e訝-\\CA$eQ_\wn\0=um7?T\\\\^5{\2*hԥr\G%\\T\\C&0WJ\+\"\\x\>CSһ!=}\ `\z\<\VvCǖn\\-\[jsh7)\'q5&\F1\=Ubk׀qS1łkTTTTꐀEG4(Ck\n+b\\q\'\0>N av3O=\A\xN(+\o+\\\$8PgwwYd\\\|LNn\ݶ\\6g~A\\\˟\7|;\^h㚢PmoE\h\6\}ȉ;\\ߊ\ҲF!>(ݛAoS1)k\rϚix+\#CX]i0VvTNۯ=Ps6\"R#\;8m\\Ly\Fi?K\\\$ \G\dޒdr\\ko\5\\z\gw\'ߒ0>;\6\Qٝ#jQ\r¥\;fe\L:|@b6\nR\%\v\9\ە1*9\\\MjMxV6^ɿUh\y|9\)\sP<$\uԭ\rhU\m%f\\z:Pl\0M~`[\\G;l\wH\È #v(\0\r_鷈*N抳\{\q9\u[9ӦؗR\\YYr N<\4\\]U\W۽\Z9d\K\r\\U\\\s\zO~\ld3y\2G\G\;3\B;\Ya\BF\M46\\|O>R\lS:WG$ڗSJ\<\\1\#9EU\nJP\\\Z+	\sK`iw\\rW5\c\yܓ\V_\o%8~x\':Os\M64\\ڣF\\/M)\i{Mw\\'?x*\YÚe>Ld\\W\>\V\\xO\yl%.*H\\3a\P\Dv5M\a\pX|ҙ)\sssO@1\\\SEh\ˍp(,F\^4\}\0H\\\\\'#.\0b\n\0v插\'r@\":\"hy:C5y_**\\+ݠS\Ae\0p	\\%d \\݁Q\\\ZcL\s8~\K\\^X8}Q\z{KZtE\\nf0R\][Jq\?@[5D\G]b\\0\\v\.Uۓ7蠲\1=q+U~[	_B@9hu؜w\:b\|1a塵\\\s;\uNNLs\.\rِ\\5ys[mu\5T\wrC\\[~	8\n\\0PqaRIL.:+4MYq?懂 I5\	\W@wm\\\\0\chB氶:)&`ڒiRjTC\6Z!\\\a\nx\7a\-\q&4hhlJ`\]Q%8H\r6x\\U3$\ \Z\byջwxo	\֪\\\Fw\\[_\\rGĦNCt:\#j-<\mz\UU\\^x\6\t*h.?\\p;DW\Z\nK\\\\#\0fOdi\6~\Э\\}JٟggG%/fi\N~dQ\E.&\\FAp\rʺ6T\\r%`ЀS\\"äw\1\@\/\?q\~\i!\\(\\"f^eG6vR64nמ#［\6N\'\I1n_-\߳P\nr\nCT39Nd\q6\\\EQ6\L\r3t\o,\~yxj\#x\\rjXf\:+W\O\nZǪEUkEى/\ƌi\{)K\\Za\KZѕр\\n`\xVZ\\Et\'+M\\N46\\OyyEȻR@Ћ\5p\5`\\\p	zD\MӈT!\\kA͸lq\1\cKvHTGAv.*Ijj\R>;@0qD\Le\\\幥Q\2\@\\sd\r\hFJ	\0 w\آ*y\h\\\\PmWG\t|UښPИ\Ӳ\\MlM/vth\\[^h\Ju\\\\\lql\\[NN%N\{O\(4SƪQ\\=\\pp9\Ol*Fs\\ݐ\gDבR>nR~o%\\0G,\\'wˀ\	^Eh\+WPp\[=-׾\?܃u9|՝H}S5g}\--\HtGLk}wsJ\r%9d\\\q^\\q\~}\\M\c\\\TlӼD\\2h*T4\k\\ꍾpeƂ\Euw>np[\'\rsi\\w+,@>G\y{\`./v?\\}\\Mft	\Y\}\\\\x\.7\0Ҟh(\cp(\Agr\(\r\M0xt\njk\}b\iM\v\Y\aYM{ƌ\\J\\\c\ry\5\\\\0\\7y\\Օ\w\4cLe2!VO\\\\=\Φ1*\i\\nG*\(d\\\r\0\{\\-qE>L\0m\l5cm\Z\\4mKF~[N<N\;25+\\\4d\¸[#p\\\\o\\nz(\\]\v\L\'W\\\\r2M}\{]y\q\%H\~\d6ɒX\¾ge\\5?DǸ6\9\0\\\!;\~j\\Yˣ\l|;1y	߀^\0&\\\3\J\x\q~GÊt2tn\\@S4\}\0\\eUUU:V6\\MO>>&\ᚥl\wv>9=8v\Z\q\\"w[\s\^W@!\1<;7w.n\I\V\\'ry\c#.u\zYGuظw\\OfbsW\*94(NMx@94a\`֏Vk?Fڸv|8mZYf=ѩ?\Tw$ğwM\GN{j\.\\kZ\DjnbcF\\c\},Tl1̢\5\\8G{\@0\=\|\\bt\.$\\;6\	c.@SZhMph4n	κG&\w <<rۦ\>3{\Sa\Z̳ި5\5T\\\Z4\AO3Ħ\qcD#̍oW\\'DY?\\\V\[\2_=\w~*(\\)gtn8\\slDG\G\0n.w\kS\Wl~{[\7}0.\\;o/\	~\'B]I0\\\0o#\n~J\s\*\\ΡMo\Z\\S\уϖ\<5\7\M\ey>\\\m\\rT\^7)\h`\j@\n\*wd.\j FҼA\A\02\3\\POckk+{N5=M<#U\\4G	%<\n\\!\v\-<JsN\\_3s{G\/Q\5\6	.4\\j:(\*\<G=\PE\g8\SI/Aϝ\X7W(\lmh<K#\\$\FOө1/}n\'p\Tâǽ\y\C$MILuO=IC |1ﺂ\˭;ω\\뢨\sY\r홧۫\^\Ɨ V\\\qLmN8*\ku7\>W\\'%e[S^&\hokv\\n61@\^(G3\\Z\B\CGC4ĝ;\V+/F:G\\N[,zx\4\Z$\0I;\\?Ғ\@\\?\$\\\\\\Z\z\E8\ϖ\X?\܅j#n<Tv˟+\\<ew\9m\/4iPTxʝW&\\0\\\0;\0\0\0\0\0\0!1A Q`a\"2q3B0\\R#$br\\0?\0\9l(\k`(	C,\\]4F\Z\\i\&\\B\\uFR;K$\⯹vv<pW\!\&\2<\]Q2I)srA\\\n꺣v\	]]5g,\\i3˵&\\}\SY\س]ЮѼT6U\BA\dXg`mnhGym\\"uU*\0\5\ֲPh\\T;_\1妪ݜ䪈	MlghY\T\i0-<L	_\rx\0pD&\ZƳѸ\B#kUZ\\e:\N9O4qn`\\s;-\\\U\e\N\'*\KA\\Z\<T\Z#\0\CoRp\0[5\}\4}l~/c=};\"XB^\0u\ӳ\\\\u\OWiW\\U\3?\A.⚚\cX\j\0\3(WJ\R8?>6\1L{<P\#+?UC~\+\	>^d5?&P\F\ť\0\\l;V6ț6oT\rMϕ\jSE\NX8(P\Z%ރx#+]v\]uoB%MW3R&\nB{\.9\yĩSqM$\03Q=\\8\M\\n;\ a\1װ\"3\36S\\\	\P:5;ۃ\\\\rO s\{n=\苀]oUz\$\\\`\"q\\d(\a\'*\}\\Qeֺ\c\g\(9\\)F\01\=\nSK\o}d31\w\avvo\\F\}\iS2z\	P\sRJ\n#Q`C6ZV|#aU\0ը춗\\Z\9{\2*Q\mi7\L^`.\\m\l>y-d\>#\Ne\\7F_L\\9*\>\'O4W6_HERjjf\-\m\\tl~C*\\\4\\\\ӧ@\\ܽ8`\U]h9׶mMׅ\*uSa6^\Lj\\\z\-گ^h	ϊ(fM9Mκ$ɿ\Vj;=-cY}\&\wy\p\\\g\y\\0\\U\()G)p`~\}ICrDB@\lͺ\\\G6:\`(f)jTwD(畍Ha:\T\\T\SikǇu[C=\R\T;E7%9Khq7HN4TI.+XE]\oep^\'yK uPNFݍPTS\#T\`\O\\\\\I:\\~tSU|jB\0y\~&\gb\6FAh(rs\\n+cl9S\fI͞US\$U]PUNT\\Th\r\Z:\nfc#\,k5pGh<\=\\IE7cۨ劾y#gELȔ\\島]<&v/\ߩ\]A0\ck1NEjxU!֜a\PK~F\\0ܶ|i|G\;4\n\\3\r\Z^I\\r\\\U||ߺnvǼj[T\N\0老\n)\r\Qr6zS\p\o8&\\'2Uz\\nI_$\\vP\W\\\W\7Ouq`I\\2kQg`\\\'U\Zb98Zr卩7D\ _+[;\\\o\'\ṱiTz\9\S6L7YǍ`\Oe;\꛴\rn?!\y\R\Sgš<\\X\\\lнS1h@<\pAD\0\O\J\Z˼\'05\x\Z\9e/\\\\qw)6\lk8hQ	\#5\\\l	\\\~\`*[;ÈoM~l\\Z(`\\\@*K*U\0\"|	\T\\˖v\>Qgw\\0wj\31A\\\%B{#\\i`\6Ǻ:k~\%\9\hS 4\D,\OQs\Bj\r%\\$\\N$ʉMlr\\~TT~A0q@EM	\1\DH\\Sc1\wx\#+\"Ƶwז\ \	\-\xn\\@E1\\03ˎlMvmP,\"p]ݘ0vJ3D\SE1z!E\\\زoR=qTS6; t\\= o6PC%f`#@*ʲ\v\EP \\a\qDٴ:jy&cGKILf×5iV: Cr\\tT)\f\\00tN1;\\\'1L\0\8<\yNN4jl&/1\g*U\'fj;o@\\\rͩ\QFڜ8\\mi=\\%(\\g\\Ql\T9*M˗{%\,cmD[\\	\\\4-\R{\\\\`2\T~.\\\;\Oh\k\7p7}\\Ư_\\{\\V\\ZYFG\0\\ǗY\u+j\\4BWTYZ\\<_R`8^\\\&T5\.02^\0l\c\\5cn \ZqW\\\V\Y%A\`\u\\A\'J\`hLm\@B\\\\\\\a@Jyx[<e\0E\\,o,^gEEBp.wf\\*M z;D8\':yX|DNvi\\\\1\\]:au)\әM1\,c\\eZ\o1x&ҋG2ƍUZ0ʅ4iW\0J\J{A=\w@F\\\T)lgAcs6Y\\\3\\r	\0\\8.\\\`\\LL+[)-\O$\^(7ߋ\$[\\?3N3̠N \kBm8\\\)\\\\Nt3]	\-&I<M*M\x`%11\8XO4*M\A\8\\h\W\^<\,<\\\ဴgi\S\\\p;(\\0I\0	\0\0!1AQ \"2aq0BRp#3br\@\S$C\4c\Dds\\0\0?\02\\Wj\\\\W>܅eYsGeX\\\\ڴ8,@@%U)F\SX\\\{\5;ԛ\\Z7Ams-w\[`\'U?\h\\\1A3pEuF\\'D\D\Z\р\2s\[\ѽXy\>E՝\mP3Δ\:[Uc{7g\Vis\r\0Ɠ7O\\^\.7n\0\9\nY\\2V\n\\Z7@mo\;\"\7Y\7*=\\t+ujBy\\}\s\"\\\:1!u\Q!\7&!.\aEmzl[J\\rNo\JeVqs=<k3}Q\hTX\	S	\qS7[Z\\oL\\;/\\\ѽJ\'o\VgE\։/\\\]\ۮ\n\n\\6\\g#k{BrVZ\2\b6Yѵ5\0;a7Ef\ZW	\*\\\Dh[s\76-V5U.Y\>:wB\6\03Eε\\FaYDqܣ<m:Lgܝ(`\\绮iO\u:\g \F\\k8\V}m)3\2\~t\'T\td/}?;;/v\m(\u\ӑ\)]RГGb丅\\{x-f8x~\i7!\Y\b[\0(2\)|\3/.\y\\q\N۔\\^U\n*N%	\\\j9\\\Ȟ2?Ut\vYc8D}\Э9d.Ї[ϻt\\IW\&@\4sE\{ Xw\:\n̽U\/\BTq\\ V\\n؃{\"]ڗ:\iF%\=Mʻ.\x)\\Ζ	8\8\^/kp[`Ħd2m=\Uퟵ\pY;5#}5\0̩n6\|4\Z8ev\\\o$a#[ptQL\\\0\\\&\oo(\M\yg\v\1?:C#>Uw)\\{-b_W.u\ST[ȳNVKݓmUA\V9\\Ql69\:U\Efɹp\\_\n64]+l`\ewi\\n!\/*6nWmS$\Tۨw\\\\:Z;\nu\4\"n\\Wa7m߅̷e_7H!\5N)\Ҭl\eU_j*\xR=H9k蛯u\S}VW>6\n\L\8j赅&\P\\!hEvnwa\7m\0d\Z\2lI\b|4%@\ٕ&\no7PE\\駵OL\~-ghA\'\4\rD\Eo_#@\\:̓\y{m\0\/ԾU\pѷݶ\(Ÿ`\n\r\'\J[\{\gt;7\\á얭Qѱ[VXC\'&\\7a-\\!]\;\옷sr\\rm6\0<z\2+6ݖ\ƓAvwp⫝̸lhҏ\^aZ70ϪV\v|\V\඾im68\);\xwX^&I\\ㄫZ	\sc8\F,Mk\Z\{\C\f\Y\v\v\$\pM\\n\c\X1Yv\^x\Z/i\vnRЀ\\cy;=\5TV\s\g\\\曲\o\Bkv*y\pE\ƛh\\EW	Z\V)+yJ#\0C\^\8\\">]M-ou\6\0}8os\r\|\܃}\\\ߊ7OΎm-6-ʨ\\X\\Udъ\V}N<37(c>^tv4|Vkx#k8	-^J\\0<!y\\\Z}\k\C\L\]V{\]zl>\\?t\\v[p菽ף&\kP\\\0Vm\΄\;^ؖ\?O\k_Uw\\\.\7\l\\kCΖ8	Z\\n\\cr]\W6s(\n7G=mV\sm\g\H\6\\ٍဠC\<[\OTp^\G\\y\\\\`\2Nn8UlSUaZ\]F,C/8B!\iDq6\n2QHh\aB\g\Е$\{s݁FA6oqB/Vz!i6K{E\\6yCco\\3~4Io7\q曲ݮ4Jj\r\x*\Vj\Q{\XM\wBBcеYG\yl\\m,t\jb>X0\\'\\$Ei\9\_\>\\\u.94RX=QnrCCmA\qB?w\ns=gSX\ʡ\\\Ax:Lֈ\'=ۖ\3c\ln\E\!~Ajê3}\\g䩈`\\^\\Cpp܏,k\7t\\\f/ks\0*F\n\\7X\?\C2̧wS*B9zoep\\\1:&\{Yޚ+gZ\Dm\\\\\gv><+\0ڗXZ_T\r\z\r\J&C\DzR%\<IVC띋˪N\Ogĩa:\n\%~TN!tO̯Й\g\q]\\B\|\00\;\\!l\n֓i)\Z\0Qnr\ruC,m\vzo)mk\5UקA\mU9fMUo)kO٬\.M\\\Gb\"<M\\\0y=~\n\7ʢ47\j\ \߲?*̓\*(\'ʛ\\0Q~\rsa\C\`F\{=v\ncxR(vP\<\\\A=Ա`-(\ߩ\\h\02.3\A\J\Y\\\&#~\.\~G\\Bq`*)2o\O<\0\0\n%\Z3w\*/w\H}\oq\06JmO75\Z\leNH9N+$G\\~,t\+tñkz(q\CZ\\u0ې%\0/(0\\\$bDp&=\N3:\<\$\\$1\0?\5h\u\S<\ε\~\\\&\\ڗ\e]&^\ f\\T\9Û\*\r#\n\S\[\"a\қ\9/&\= m;*%KYGj\r\h7[	B\\j_e+\\r0H\'\)\)\'zgu\ݸd\y<:\4\n4ܣrݚ0a<\/\kVv\UXP$8\\cZ0@<\e\;iU\XL\\\ \,Ԅ\'?^C.\0o\XS7):ջ=:hNՈ\٪\\\\6\z{-ЭC?\0HiAŴD?\ѻa-ppK% (=[!\iL\U	\[\3[gzVv\^\ĉ+:j6N\jUe\˄\'\0K\	/Ǐ	-\\ۼΆ\	g,.Y)NsI\5ĺxͺ\No\\G9\S,\aC74*CBaPNn4:\9wX\\+2~\z(1\\\\n\\\PY\\c 	\;OqNs[ͧ·p\\mSzw+\\r\2\\pS1\rs|m\|V*}\\;\j׏%lO\=\ml\uxi\\ԉZp\\lWm\ne\\f7Ǻ\a3\ln\b|z\rMXcj!U-;O7\n\\/N)7PUc\U*aO#FZ\B6\vC\V\\T\G\)@g;˷a\EV)\\\\<a\ \FϚ\'\sD1&s\\LҢhhL\\?0ӬUW\Q#cE;u\挀ipCG>\x։pQɠ\!\\4\\r\"`h3\,.\Z&\>|\s\Q@X(\3USv%s|W\\I͹7\\rT`rȗ0I\_3Id\r5\J!^\n@O\\eGd\C\(\{1pF#\u\0Y\\kOxB\Z/[mO@\v\\0p@6A\\\-~PpTX\Mh6w\Z]Ex\Z;XnR6Q,\\r\n#դ<,YޔFnWA\|0Uy\Z-rg\Fe]Es{\D>Bˡ\E\Z6Z2W\\\\n)\47\\\g!C\7\72ݖ_\n]\L\\Z\"\BY\d\"\^m4|\0*N\0՛\Zx*OUl;-W5]\\{H\ZZs\40\7\\\8\\!\\x+c:\b1u\\/譸_A\\{q\ċ\\\\\\MR\@ИS\k{N&\\<;q\\\/3A\G0\W4\0-&\ȶ\\\'	\jb\,\]ȯ\ZXwʟ\r\Z\\j\Λ\]\\>\\9ѝRٴ\ng1.R\ߪ\+\\6``ӱV\\Dn\јSgP㺉\o>\w3hh<b5\r`!ߍ3\Q<Rw\S!Ɲ\\\r~IG\\1A\`\\\3\l\}\j\\0\ j\_>P\y{A\\nh\K\Z\'6ȈqoW]\\w\OߺI7h\UF\z\|\\P*JT5ӹA\UѢl7\:<M}Ntsɘ35P{8=f-vwo*nW\Z`\\D\f~v4H}\X\\n\\\aįwVCkVX#\]\rV(\\'+.͡QRCp44o}MǻT\h)7\K\\˪7\\r6\x~\\7\׍2h\mЋ2\Z8=X\kI\h\؟c\W\\PvO\;s}h\\\X\;*m\v\+>R\)\;*y\]\]Įnv\A,qU`q\0\B\%7o \Ӷo\*+\xS!h\\\\L\\m\Z9)(ɥVnu\]\vE\&\-\+d\\\'\nBw\n	\An*\"_)\uݽ\\\6\i\yU[Ͽ\ZjAa\\di\OR\\&okj!\^q&K㐪9\9M\Ƅ\"r]<t\"\Ө6o;d\\{>d7٦\?\r5_Wbt9)%j\rvA}gBp\\\ 94\/<M\Y\\]VxS\\\\85cM\i\rו\\i0K\h*.\\<:eO#C(\ҟ\\>\ \n)6\wC\n\KLUq.U`\nqUy\S։\f\\g\Em\"繫ڭgGYqUk.F\l\\X%e:!{F\xVr4;ú\\ wP4^7Ncr/6 \p\6M\\?AD\f\\-\u\Uɪ,WA\܇\UXXH\Vv{u(PCw\Z|\	|W\Y\\}3`ZӰ\"\^{lAs\\Ά\n\\8\`\Un\1T-.oa\0nWmó\\n79t`f,g:I\nW*\\Dִwpme\\\'FD\V\OpnT\\M\`\R\i\v\\ 7ݓQ\\\jބ7ς\ٳXz\Z<\n7[Lg\\I\\\\ss_%kq<axܵz\j%E/P~`C\\:]\\o6X1r\0WY\aN\6\\s\앶P\D\\*F\0d\\\n6\g	ʑ=\\[8	\i&j͈Å9\\?\=t;?Rq#g\?Ƅ\\@]\C\B\\\0C`do\"f\^ݨ\r\`\J\V`굼_*Ֆ\8(@%\g}\\5\hmlL\0A\Uԉ`v\\a\`R*z^;7\pB-\\'c\\"i\#g\nrЮ\\Vj\js4;3A\u`֣RҬ\ )_,\0\\vX\m\`\\s\\\i\7,\!Ve;M_l\:\@\¸h\,\>\ +\mU\@\~g87#<\0O\X\\6\eͰ+|վku3\\#iiN*K\UM\Ew_\l\g\HrR5ʅ\Ux\\0.hX\\\\iL;m\s52\\rGv.a\Jn\N~\ɛ\-*q_3ҝ0V\(m\r\\LS\"6Nk/ـ<M\"o(@\V舱h\\\0s{\\t\A\\\r\\Z!\(`\ݔE6/S6o}6\r\4*~ܻ	T\G8\\\_\\Ьm\n[\.q790Lܠ\w`]j\W9o\\\@U6\AX(ovMe\ck:\JH\6\;\?\^*\\Z\\N\)4JN\Q\Gj6 \\t/_ڛIN+\U\r\\ǒ\Z\\V\r\N\\\n\Kv֊\t \y\^\!p\\<\Z\J\\\Z{8o\z-a\\\gџ\#\\4fB̝E\\kٟZܦ\\0%VS\\\nSQ$\k[c{{s Xֈ~L\V\\r66eFw\Z\̓ߙъpF\5\\\6Ghڭ\Q\oR\Z\\`d\{{\Cv\h\\Y\\d=\0L:\82\\\Yr5-\0K{r*ȀU0\Y\W\\ƗF<\Z7_27]W/ߥ1c{Ev\!܇\]mӊ`[p\\(y\\wÅck\bz(\yi\u\\L´\Z{y~Sv*S\d1Bno\Je\)\*CB6̯n\v/\\CQ!B\`hBe\\\=\F\\L]b\3~\"\7p-\&\J\]o۵\\\jM\\l\\7h\3Dţ8\C1\KOO:k\\2\nP7kD\l\0)\\\9|!L\\:&2f11<ݝ|\"	\z)\iYE>\k\I\\Guò?*f\\B\_,v(#V]vb&0\\\\\tW)+ga\Q\M?3\,W\9\Zwhg$Ň\\nC\\\z\F\l\)\\m*>۾W?\\x\DDhw\D\7\I<4\.RoC7YG=spla\g\\\#x\i\\Z`D-<5>u5[璳:mBԄ\gyݑz\\$.г\nXXn>\t\"֋ɲ\zRp:<f\\p暝s\7SU|UQ\!\Tbd&]*\\sgeH]\Ռh\\M9J̷(-\Qe\\'d\a\}h~ќ:MF\\r?\"\y\\'N\j3\r\i\t6yKz\\\\2׸\FM+\\0\*	+Z_\d\\Qh\:\;kK:=\p\qU\\L\/EuxtBMr\f{l{w&h|D~P\^G\h7i\!\t-\1\\U60zъn\Tn~_SZ\X\"\	S\\\\\\aD&\݂\T\!i+@\𥖁fw\'7ʗr_z\m͞r\\\\\ʹ)\]\3/uuBT\\\5θ*\\c\\Ŀ\_[v\nB\	0Vv\\\b\r\It&0M175f\,hS:z\g\G1\6\m\2C4͈_WcIЙS!w[\\\Ѹh\Uڞv/\\*\0*$݆\G\?΁nV\')`4<sk\\nv\f\\L\o\[\@\rY\tgT^Ph;û\b\4S:6\n\~\\rFl\wQ61B\4OqN\\r,umBiY\V\r\EQ\݆\\C\Xɳ\N\ن>	Pvͯݐ\b,\Z{9\r\G3?(И\\\qqг\qml\\1Z\-|U	\>\ngG&\F݉Ъ6\n_!!\E_51~&QZ=Qy\T(7-\02\\MM\\tF\\A;1~\n\Fۨ\:Sf\in\\v\~8\hn\ѿʢ\\3\"\{ѳg_n\T\^.B \[\EFܭЙ)\mUR\\r؃FS2Lé7,\ c/7\0\=	\;.\<_\\\}\.k݋\ٺ.q\o\Un۴1\-\\j4L\3B-*\P1\HZT\(m\\0]/-\\\E\\q;+\ZUR}\L/(΅wx~UFX\w\\n\W8\r\\wXtڳʉy{r;\:ۨ1bJ=S\+X\r\Z\\0hϻ\\_y\ٙ\\{\В\Q\\+}<\O\\\bF\}hM\gzm\6\3R\\3\\I\q\DEint\:\Zm\\\&}V`\\t萡\\\!zyћ\<I\\ۧmY&Kn\o\Y햝\\0s(VS:f\fYZg=+\nV9]ƫUXz-\o{.\Z$J1_B\nAjj\ͪ$L{:\|9\\\\1\r\!7\fyChn\\\\ݹa5<\U|cYB\':\ͻ/%ٌ\y\-fdڵ^<UB-\VOV\\ng\؝ʫB|cD́jkoZl\hV\};;sUF6P\*J͑ct\0P\n\\U\1\'\0O\nzr\!\Zm\vc7m\\\\n\<J\\U\j\Y\X-bZ\z5!C\\\\n6\ib\61\U@6	bﶝ햻\\ۋ\s\Z\\O\{n!U:^\U\0.\eKy8مkb\p\I\\>\Twh\@L!kӻx*\\\m*zA\nCCE\\kk`rN};Ɵ;X蹙T-\\C\;\'\\\3A\DHǪ\\JL\UIVu\Q+X\\2Tv\\NN\d.ѷ:xRZ.r\Je\n\}\\QϟDOt2\\m&!i7!\Nn\\\\B\\\\\37\\:qPu\ 1mV|-z\\^;G%\\\\*u\\Zj2&ߋ\ۈ?]\8j\U_|4+;Q\;\\\-\"^\\D\fw_ySaq\L\\\'\\\V\\G;\rX~DO\L^Ew\UVQB1\Mx7\\\\\5\\Um>\\ \7\yA\rʘ\>vߏ\ek䤃F\n\a{AI횬&D\\	N2M͖	ʉ\0.wFox\\B.\Z\\\ۘ:\rc\c\\/7!ߧ\\\r/;ʙ\9b\sp\Z\l\yʟyՇ\D_\Z+gh&_։\\r\0I\\3D/z\U^:s\\=9Q.m0LMW݀E\\uh!2oybP͖6!DoS;!O\:\v\\|GD\6q\tE\bNoB!!v&9)3x\I\Q,1,d?\ڬrhp|^}-t@֛\B ]\Md18=N\I5؏\y7\\=oLb\A\8ou\4b.Vl6\\j+hxlA\\\[U&n\W5RڳY\\\\PT\yF.(Ƌlg\\\$\>\W;Q.\n\\B}\Hm:EA\rB\;o\kB`\W[\5j!uTo\6\O.y;}OyP]\cd\}q֚%\\L\:c-qB-&V~\Â\\\v\\\c>3\i\T_\9\3~H\bNHGxM,\\>\ëxwtL`\PCKO\\\0\nfכϥ\\&\8\\o_4	Sw7\\E~j_\r\0\#\w<pN{&]\FG΄\pE\Gv\\f\yќ;[?\nm\r+v4Tsοk2\F\Ԃn̡7\<\=PkDw3pS\\0r\rsh.7OH\'?v\\7ݧ\KZ\pE\m+wTQ3u~8ȝJ\$\\]V쏭yI\Q\\\:I-LtU1y\nf}\o)\0\*$\\o\/m\s6\yx\p\Gs\Nɨ1tfW3Tz\ͷeNA)	hV\D6`\wQ|GOF蝐\C\r\\v!N{Θ\N>9\00\Q|ӡRd-=#agiVZ\ߴ\Ƅ\@\\<a%@9OPpd7\*E\%t:G\\G;,\΄Ԅ\#@S>]\\,VC6՝;\\)5Go{0\\Hcv`Mۚ?e\\0C\wg\kDtU\rZ3ad?S.b\\U`[`痛iSϠ]ݬ?Z!\\-\\d\r4K:\\̛\\s=\P\YuhH\\\]G8j\\f\0%ލ\\s;\2/hU>\Z!\X.\\=qf\G<\{\w<\'o\-7i^T͈\[\VM̩ʻG\M\<V4\7a\%wZp\Ydx\ZF(w\b\h\0%\{\oOｏ\kx\0\\0,\0\0\0\0\0\0!1AQaq p\\0@\\0\0?!\0\ǎKcp\	\sn\fS5\nI\0\&\\K=\H(^\}\"F\E{%ƀ\`NDN\0&mTGX)؁\M\~R\iOaT\*	\+4@m\opBH\";\\,~bVe<Ta\\rٜt6;!\\0\0i*\  H\r	L\-\\bN\'1[@|\0\r+Ot\6e\0\\Ȏ\'.\\(\"p\vQR\\wR_\sSo\\psA,\m^\\\IОZ\0i=\\'\2A\0y\03\4\\QW?\I$rKs301\\\\0wR0^\j;.\N\f\F@ Р	se96@\\M\\G\\\;񋣺`\g\a2ށF\\0)\-_~j@D\\\"I\n\r\*DNN~&&\*MsM5P	QQ\rΟ\\0Jeݢ<wJ\\D\+E4\'\\1퓠9\\B\\`Ws1GJ9\Z\./\\>:}\'\\\0d!&u^`D.#	\Xw\\q\!؈뎖O(q\C8y\\%\\0\\r\\\\\;u\|&\n\\0]1Ϫv9	6Ao\.\Zй\n\\0GJ.e\\#ډ%7AJ\0H\8V\.K\\~\v-\v\Z\\0k:B$]\>90\j>;XP\r8[)\nr{\q\Kb\N=\@dk$\\nv\\UUC\Ze(ےN)\L0\\)1.S\0m\\0C<Yc\|\<LZ\s\qb+N\ \\'&	\2m٪\B4nGP*L<H\"ݓ{5\~aMة\\9DB\ʱ\Q\\+\d\E35[}i%(Y2--\bTIo\02Ӛ\"I$s3<4G4*1&Cd|4(	߀l5\\hJN-% {&LsC\2!t1 LOX\\ݓ;	#b\\'\0ܲ\0\06$\3\ad&l\@ \Z\\r^N~\\Z#rG\w\S\\\\1\̘,մrL\DN\@7D	 @f\|N&\\,ah##2ml\{8/\I\nn\~ERE`\rBasC\\'˰\r\0՞§eV	\S\\_bLT\A#\2\0(+UCőJF\ҫ2[>k\6\όC$!U\^!QtQ$Q\Zp{OK\p;y\z<.REAӒUAE fH\9_%A	\	&\d<Cϊ!]$\7t@{ngO:+\\Z\W(\8\\Th.9h\3r3[wVP3чL@\\X\RHSU\R\0	x\h\6GH\VpN@\83Wl\G߀\w\3\\\\R,ޛ\JٳE\ZH \\0\L\h\\E\L\\TvE$\\Z	bT< S>\X:\z>\,0\\0J\s)s\"[X\b D\e\nTQ:GW=a\Φ^xC6\r\:\\5O̿j<ygy\'&6@Q\ˢLɻ\\Z\nj3L\"}\Q\3),\U\?_Tog\p\v+2t\9؝0,Pb@S\\nN H\\X/B$DBrMd\\#.JBqd\؉aMUnQ\+זEzr?\'>\q\0wnj5N\֐@v@`s`!بE<a՜H\.\\\0\'\nTgDO\CdT\tB\WQ\O\rYOJ\͂@X\'D\\nk_\"\2\\q m\\\\\\j\\0C\rNE\(Y\٨ߐ£tx\G&C\D\09!\\y\\!D\-7(\\\|A 1\"a\\b^\\W\\ʏ®ϔD\y*veY.I\\nq\{V#\1\@<a\\0%P5Q\͚$\#2jJF]\\\d0uL\|\\%\xE*yUIC3Lـ\"\\ː`6qCT\"YURS\bQS\"\\G\rlNO\\dOݰ9?q\$Aȃŏ\;ݞ3@pn$X!\Đr(\`xnJ#$Ċh\\\0X{##\#e^\\"b#\'$\\0\Z̅\z3SE0)`ԓ\G\0I\9sesd\[E3\Ԍ\,P!?OĤ\z{}6\Z,wh\n(0<gDpas\$\`eS!qr7l 8rt}I{\q-\'u=>\G4EːGv}-\}\n\~Dl3ЅE:\G_\\\\Ige\\bgm$QH)0Z\@9\4BПh\POM~|B>\\40ߘgC-y\d6+&!+Z`P\	͂ \\@\"g\0\Z\n\r\\ٹ%@f\\GsnXe@0캼k\'\"K:V*ʢ\%\\;BN~.^U6\E\|E\Z|\Zy+С[2\_S41M\d!\0huFÔH\$`SiX\@\f2\\r\ӝ3ke,(\L\\Z\3B\S\8LLY% ?!#\P(n\'8\3x\`\0L\0-@P:\Q)\0Z\ZP\ʨ.\z\\0N2\n\"\Z\\\y\\0!D\"H\8B\\\0TG\n\>d\Q1z!23N\\=\\Aϙ\"2E9 D\>٧p`\\\\8=P&\\jA\pB#9\\"_b\\6h	\ɓ&Ri\3\0cʇeiK\ \F K\AC\c\r\\Fw4HC	\\̢\n>,a\6\ny	\"He\\wE(s\0܈(\"up>\ʌW\0	4E~05\I\bQzrP@*90F\7NPn\\@\$A7\"b_X	ndC\rc/L\JVAݑA\hN?K( 4yG\:b\\\Rn\%\0\\\0$#\PB#,elY),$0)(hH\\ZY`\}D\\Ĥ\@#@\ȶ%(\\CF\\\x\"N#Y$Lh\@\t*12mܙ!(4٫\\w:t\0	K\\/D\wԏDql̹\uC\GD1qRbTn\Hz.aC0>)i6FoQ vH1QX8\Z	\\^f,I\mr|߁UM\\\:Λr``\YȀH\Q)49\x3\Al\vRz\n\"	XKFH\\M! :u9sS-\ndh&\!r\\<\	;`L\\>u~\0D\\0ĩΈ\0@Ds\Z@{\%[⒀r}S	\9?(X92(\\6\0@lو\LTC批,.t!\EB&\\z@Lf\\\FB\\a\\рiF˺c\6fsaȘ\0\\"ݛ\0xl\Dx,Gh{:\	p	\Fbq~\0S\\"\I;-\~\\\\\r\%\◿Tf qw|\r8#7d1:\0\Ag@\^R\ \ 3Q&r1Jr$\\\Vf!.c;)vzRֈ\9员~bd\\c\0\0\)\1m\\B1Dg#~1\p\\gd/$C\\թbn#\v\\+\\	J\..Ą\Bh\U`\\O\\0X}m˸R\'J\\G\r\8dG\\̔%̫Ga;zdb*t\t\Xd	\\\ʗZ\\*M\bXHlbgi1ΙJj03l̂\fA\  Î&ME\\'@⫗U8}	[#:|:ɏ\!^/_5\\pOT31;\u\@@\0r8d&\)xt|50\0t2<\`{o}T.\\0Qg!S\굉\(E\ B0tG=t\i\*\"@\/`\rŧT\\\'A=\\O6\0\ZeG#\0\\P;\n\%7\9C\LP\K:\I/\L\2X1aEG\c.\>\4C4A\\)H\%q\\\|H28B2\\0\B\\c4\7P\\YC1\0,\\h\]H\>\\7)&t̳:/v\8D\Q=~\l\'\#D3$%/xI\zb\\D7\0#D\\\rvJt\Zx&O\ߛ:7\	=H% \\B9D\ DGĉ\ŁDh0\r,\\b\H$LlRrt\X7)ӧWq\jpb\-@\&\WE):\D\<4}\ \,\8\04QP\\I2m>5mD\ۀ\\@\F3\=2fўOc\+9&ѐ6A\0V\\\9,_jb\((=\L\\\܈ \<\F\|\"0vq;+\.!D@3~\,$; 	r`lQ\*vH\y\\0Ӣ\QB!7(\"@\\\A\\rl<\\h\\Y~\',4\,ܚ\\"Nf\\ی\dhWN!s	c\,\,(\"p\s*D2fZ,\5DH&\0Hp:\0NQ:bE\i\Z\\0H<좢gs	\o2p\\33̧\\K3\,\\rɃ쮫R6\Z֛\"\G٢\(n\s,\Q1dsEPE\\tFȮ\<BsBO/\Z^\uC?Ѣ<\\XN\)\'\<\0X\\ϣ㬪AeT\\"6l\	\B	ƚ=LT\pO#\0\	!k?$A&	X\o}\07AF\!@1h\nQM7\I\I6\'M%\\"\8m߱AA\0AbdX&6/\\'\D\+\(\\L\n@\$I7a\Z\V\:\\LU!1àCq\d\0ր\Z>&w<\,YU\®-z\fqe&N\0U(pvCSN],\@VGy1DԪQr \Wqg&B*X\M裚ac[2g?Aڨ\0B@\'\mGx\GrAnIԗDw\i\Z\fff\0@*\l#\CaqP颊[SbCV憊@N\	as@o\ \і:\\#2hrM\)?e4<\E=.\b\L	\\06J`L\\)nxZ?uz4\*?H@\'\0@ b.chR\@ڡ\\\Zg\\\^>\\\SHT\8\n\\\@*)h*b \f(\0\A@E0D7\<IH5E\n\M8sQ\h\,G_HIA\$P\NBCd1\'6K,Xv.ʞj2m\_/S\)\|A\Z\j#\	\R_\ ~M%\2)A ,0!@\\XRf$ȶƙjR6*jVzߐDXAq5dؕ=c$\8h\\.d؅\-hYDс^iy\r\0䰙Qd ?>r@r7<1g.۞$\\"`9\BHDn\\\\\#\@H	n\\ZPOrȩPu(ŀ \0\b\t\Z\|*zL\4(f\Pu$ԌXrY\6 \0,&M\r!\"H\0@Kԑ:C͟%	]z3d\0\jl\<{Wl0d\~8\2?j\\\U@@H@a\]!&b,əC\8=2P_|\(\\J\@|sB\;I\`\\ =\0\\\ڢ!dI3G?|\0B%7fg0ݳE1\\\\D<j \)@\#~֛\"ԀY\LDxtڠ2\hK1O1\'d\\(rP4\%\ܑ>\a,\G\0P\fC		dJ%xx>ȑ\f\\$M\Gj9`\7nG3\9&c\*K\cdwG\W>P(\\\e]6Pk 0\rOo?\\,	@:Y/._[L4Ќ(~g\')`	)`7:C<fLrʁC 1it,\\~\\աlɐCF\\I	i\\O)\RQ\ŔpòuH,\:p6wSa͂ި*P	\V;3`a\0]Vfjr\ކEn\'\@!P\r\\\puT\Z&\}J}Cv!G+tU\O\\(@d\ZCr,\Z=0:عL\tJ2\1Dǜ<X\0I`i	\)`r\\zà\a9Efl\0 l9 \o`&@H\pJY@mTOsa!\Pr\\0wb\:Q\	\\Pؾw8=F\lNA605P0Lz8\02fDӵ\\`\Gk 2\\\\9\ms)%ɉ&d\p!z\Z@\0O؃h|c\@@sDܩS\A&P^\mkIj2\\M\\\'i\I!B<!\\'r\002G\0i>ᄅ	xm \O4o9i\ v}\0\-?6ʔU^Ɂ\\ZM4\\̦s]D\\	\\CyADͰd	\\0\.W)\\\r\.\ZG]V&\!\X\np\QL$]	u覍}\\0I3\0\ \W:؉=4`ED`(\@\0\n 9\0\dbE\\0	5Cm=\\@\M\c@\\'MP@LQ9\3\R%gI\0I``\uPs|\xLS\0r(Y\\\Ǻ\Z|`(P\r^ 2e*\@#{\\Pa\o\\kfy\0ˤ>/zTPf\$wUǙ\ \,7*\'\n\ne	e\\0X\\0@L$rP\s?*C\Z\^)\\r\\0k(Ps3nv\c\'nL\˜d>\(ǁ\\lH\0rD\x\EFs3#\DH\\ZC8\\\\r\9}\O\\\"\!\=Yev\\ZSBHFA.<\b0Y\\*\fg\n4\0\ވ\(\\'.\\\橫;\g5`U%\n\HM\A\CְPze\-\`$y&2*t\sXV0pDS72d\*{\\0Y2\	\E\{v+Q\rT\\\n\nF\\YE:\0% \Q2\0DhR0J 9KD\"Xj\LRğ\k\[I\S\0i\\"SSi\\D\86\ИO2zSF \D@/k\ƴH\==\]\Z\h/e\ɝ\j \WUL@9g\"9á!aX,\`P,J\Aw=rl\}\d]\`B\v5\EF^;\'\CmA\Zi((`K-`L\0`ɸ\"&f\03\\"\Zpu$\\82\\凪\"DR4]8K\RY(\\ QMϠE<\56F`N\OاA dUC\\0b@\0J(pu\j@1\o\\E?\G9 lnl]\sMvĀ\+#H\%BF$<H`-\Nq7*h\\nH-Q6\9OO}ϴ`[i\\n@3ھev\p4\"VW\d2L\qkV@\~\Ha\\\G8\\Z\!\/[:\&{\\\\\\Zl $HPHSd\I1:t\\.dt)e0\	DJ\[XTI	L@p5dU%)M2|D\"@\\!\j~yT\9\r (0F2]d\k\n1pI\OhC.>>ȓ >\\0\0$ ZȌ\r+\@FmT\Gq\\DX\\E4c\5\\\q\00x\%ȑ@%\4\Y\0\\"ٵDsfP|\r\\"qu\ \;l`\JHI\I\\&\'9NI!\Y@\Qe\P5A2@@I4\0\\6p[ʑ\@\Q\c*\m~ɓ`Q`8[s^\\t\Lԩ(8\.\0ab\6SH M 6FNq#	JU?-fE\tJX&fZ$eVtBV!\Z\4\"@N\\bI#\0Nw\09\y\U\1L^\"iπ\輦D\Z#o\(5:Hb.R1;\0	0X?J\"\0hb%rdb!ɾ@Ì\-\dOrRl`\0Τ\\\Gљ\	\0\)ZB%P`\*0DY\\1\r)\0\뢀@N\-4b\\2=Z\\\|0\0\w(\\\H@\'NPg(64\\L\j?Tt#ڻ͋{ShY\\n|fbir\0rlO}.|\/zL?pqCcbD!F\\\wDQ%\?E2<\0\\mZZTs\Vt1;SYF	\09A\'v&`9EhJd\\fW0iA\\3Ǫ\\'Au\\P\rx&PP\\HD\bf\\\0\"N	-RB\\0%\\' \ĩ\n\0	\"\"-PyqS3>W\z!ӿ@`	̢l\/O`mt@\\#g,052@\\'0RxrSX\'9\Z&\Z\"\E\Dp\0ɒ\ZJ82mC)\o\\&M>>xy\C\0\IHd\rJ7\V\"z8J8\)&S<\P#8MY\*d\[ˢ4;|\|#Z\@\0\03iD<׎\"`\wG\<&&	LyLƠ\¤c@F5d\Y hX\re\\fQ#Y)p\)\($H\'\"1( `H\\\\Ǆ\%\ 3NMJHl\\5<	\@6b\\-4bs\0YY	(GM-hV&\1hxu\\h5D\rd\0aR\lA7$D&\\y\\rؒ؀\4\\\,枀@I̧cBY \%\NB\\02\0D\e8(\0ݿGG2BKH\\"G\n8>騉p1Qv\0:%\	\8@\'w&\@T|dԢ\0\\($Y -\\\^bh	34=\\0/3\Z\	\\ȳ\Х{\C,nhbC@ \\0(Â \n	\D\r`* SLQ\Z\r\"dɠ\d\mxs\V6\\΢\;E\	\%\0(ʰI~H@\\$6	FI\0 \<l$\\|Ԩ\\n`)\g`z\"\Zn0\ʊsGY\G%\\\0?E.BXɚryYe*Sb1%\m@\L~\4X!H|xY\\h\vpq`*J\rT3d-\b/Cw5)\\P98\XFĠ \\f\\S4\2e \M9\#\*&)\A	(FD\4D\P|z\0qj7=SPX)K\r\\ b$q37E\\#@)5c{X\rSJ?؜7E\"49i\Z@A\FH\\R!%\d%Vo@	ϔT\x9\?吉U\\`rޠh5*,o\!c \0\0,\GkNQjV\\A`S\D\7\<蘉\\\dӘ\ڨ3	k\k$Fu.g\њ̛\\nP0N\Zh\4Á3\0!\y<L\A_Μ\P\d?H\0\0@\8)79{]\\}R\n1$JjI$\xdA(\(j\Z\\'hLrh!E\d\\쩕(J9uۙ\Ax#\\\hn6$ə\c\3\0H]=$\\\\\06@\\EK!\UG\9-P\,̝$;\]@$P\\X\"(\N;		Y8\\\\2\";\Ԝ/o15\\\0vlJtBXP\p\00R\9\\\\Ҽ]\);X3(\\\r0sLzQt\z\E[\\Z\Q^b\1@c\0\\}ɍ\Z|\\\E\%|1L*0Cv2 IvYB\%A5\'U\"#&\"H\0/\n\NH93\jdx\Y3ǭ\x 1!31\'#I\^j.,-ȧe1\7V2zhFDs2\0\;`l=#\0\0\Xo\\k\0AW\C5\I\n\Z)T\2\0HD$fP\\k\>;n<\5T\6g\!E0O\r2;\U5RX1E\t\0c1u(%\	T\00O,S\#{&\N&h\o16=\">.Sh2.B\\'\YA\Ky\e9	FXc3\,\"J0ai?J\'\0\!-+`]G&e\0\\\E \	\0\r.@\\OuciF|\b!1\0\\D\\ό\\\4\ND3I\7G]QӦ^Di9\3SsʿH\\B@`B@\0a.Fdz\&\&p#\H kf`\rn\rN\/\\P\\\K)䂘THԗ蚘v\0\t}\n\G7ꫯ$X\\q덑O3\p;jT8)\0\\Q\e\0d\\NL\	$Jf孋\\:Y+l]LKxNhn\У	N_4\=<\\1G0z7˩\?\Zº\\nn\"(\s\\rE\~~lN\\<\\'r\nPQ6\00\0̬j܉SS\I\\TgṬ\r\\ZH\*[4Y4\L\Ԟ&9B:\Z~`9a3\0NL<\rJ\sWqs0\u/d\"$\0\\wØd\0\"\0\z\"쨦S8`\n܁\]\\\냶*q\0^\\Z\sFLͰ<\dG\lq\e\m\N(a\rPIED-R\=D\B\\\M\:\M{,fi\y9\8\n<	9\"]|M\!\"\،0\\(X#Q\0T:!PoKb,\r\\PT0yrO\\a\\2E\̢GzeEy\\6j\\\'fNI@\P\0\\'D\\e@w]\0\\wJ0=\\c6c\UE\TB\L\"a\3F\Ҫ~q2AkU60r4	1\`H\\JA\\ \d\q6C\Ay&U(:d$X4Dʂv(	M\V\\`\D\M\߉$\Ɍ@ &\\/dp\\"\)9$#Ls%G\׍D$6C\褲`\e$]\yp\\\䲴\S\@HϹ\nd\"9\Gvݲ?	$\'3 \e\0\eFV)X4ܻPX[_\\rM`L!($9\"!\\c#bd\\\n\e\09`\"dPLLF\hsjܬ\hDƨ\ e5\\2I3lB\C@\Ol\'p \\u\hVK`(OzX:3S{.Jx[j9t\\?Dy\\\\\r W(\0B]\&R\ \ܢ \rTV\<)3CB\\R\0\"UPKʗn~\" pf:5t\8=i\5\*Ǯ۽A\f%ȢPA\'d\\JT4\Bi%Ig-Oy\ShHrL~ \9/(d\(\GR\F\"_G:O\*TQA\=\6`$L\\ \nj\d\\\eIDYpU@p\\'\\\\lU*q[\A\ {)b\H\"ҘG\d>{\C4\3(\\sxEzC\ː!\h8zIĜ/C\\sH\\h$\?	\J\D\\n-	fQ0\0\00\nE8L\"pZjWZlOk\\\\ǔx`*%=ǒmC\H\'5\lM\Зsb#\rϔL\2\!(h-C@8=ȿ5A\nI\'\&⽽\0\@C`\\Z\\+@>\0r	 ,8\0@1R\,E#L^؟g\0\04fS\:k\-@$\\v\rC	8H=|\0?y\\\\\s\\\r,?H\rL~\1\'b\&\T\'\Q8|\S\a[\$\	\4)Mflk\..x\r>&\rl%aG\!\!=4vy&$!wCQ*yz#\[`\\\=P6n;\`6T\NY\\^KG3\>2^$\J\\\'3N\\]=GaBK1@O\\2\?wR\\`Z\o9@pj&Ʋ>_\/8hz\\\D9<\\\yIoB/\\"Pd@U@$\0\Jz{\܀0s(HfQ\0D \Z 2R*cŃ3 3*J\Zu\9&u7 e!$s`t3h!!\1;N\\8A,\C>\3QNQc0!YF\rHb\!P6,L]MPN|\\-RԜN.\Do\	[\Rꦸ.iGA\0c9:IFX\"	HEPfPC\B\G` F\=3N\0e4sUҝ0\'\i@\x\O)F\\\i\BE`u 	\s7\8<Fd\scoL\d\\\\\"$)\ \\(\\6( &.}!2o\"\o-n\0<X/D:f6L\t\4dI\%7(BPod\ʘ\\\08t(ӠYI$rrQg\w9X\ZK׳\;{\\f\\'Ɂ\&&q΢\yDs`j\\\:\FFh:LdG7g\nuO\:|]:fӣs5\K2a\s8J$\[\7r\Z!\?C0N/\\/4.I6\ԛX̽*\d\]C\.غ|]*ndI$)8V9d2\0&\2]Cʖ>p؀	\!T\ZYm*P\0\0\0$\e\O[:\-\"]\Q\M\'&x9\L\6գl\\0~.|#\p\nѭ&\HJ\*8ɀ\nC\\"#2w|+oN\\=^\fP\0\n&\؟\kN&1K9@Dr(D\zl\83D\\\vTB7	\g\\7u\R\T\	׶%\C$sruђ 1b\|	FIw\o#_)T\(Ϛ\\'@\0?\\uyjS@\MuJ(\|Tԃ\\@\\Ze\\ y*&an\ h?\/@mFx=}\\,\?1@ʧ{\#\7B\J\,1!S\`\d\\\@>\\0\z\2c\fjs>Q!\0HǏpfI\ZOAlec\eD\\'\9\0..I2~PBv4S\6j~O\\٭z\\#\\YE9\Bϔ^G\U\\'(q\cIl0\Ŭ\\V\\\\0vA\uΟ1\p 9(x,\\nr\63PnAi]\$\\L9$8ހA;@\S!/J\\-\\a\\06\\BM;/\n\ F/\\}n\!\0\\\0\0\0\0\0\0\0\0\0\0\0\0\0\0\0\0\0\0\0\0\0\0\0\0\0\0\0\0\0\0\0\0\0\0\0\0\0\0\0\0\0\0\0\0\0\0\0\0\0\0\0\0\0\0\0\0\0\0\0\0\0\0\0\0\0\0\0\0\0\0\0\0\0\0\0\0\0\0\0\0\0\0\0\0\0\0\0\0\0\0\0\0\0\0\0\0\0\0\0\0\0\0\0\0\0\0\0\0\0\0\0\0\0\0\0\0\0\0\0\0\0\0\0\0\0\0\0\0\0\0\0\0\0\0\0\0\0\0\0\0\0\0\0\0\0\0\0\0\0\0\0\0\0\0\0\0\0\0\0\0\0\0\0\0\0\0\0\0\0\0\0\0\0\0\0\0\0\0\0\0\0\0\0\0\0\0\0\0\0\0\0\0\0\0\0\0\0\0\0\0\0\0\0\0\0\0\0\0\0\0\0\0\0\0\0\0\0\0\0\0\0\0\0\0\0\0\0\0\0\0\0\0\0\0\0\0\0\0\0\0\0\0\0\0\0\0\0\0\0\0\0\0\0\0\0\0\0\0\0\0\0\0\0\0\0\0\0\0\0\0\0\0\0\0\0\0\0\0\0\0\0\0\0\0\0\0\0\0\0\0\0\0\0\0\0\0\0\0\0\0\0\0\0\0\0\0\0\0\0\0\0\0\0\0\0\0\0\0\0\0\0\0\0\0\0\0\0\0\0\0\0\0\0\0\0\0\0\0\0\0\0\0\0\0\0\0\0\0\0\0\0\0\0\0\0\0\0\0\0\0\0\0\0\0\0\0\0\0\0\0\0\0\0\0\0\0\0\0\0\0\0\0\0\0\0\0\0\0\0\0\0\0\0\0\0\0\0\0\0\0\0\0\0\0\0\0\0\0\0\0\0\0\0\0\0\0\0\0\0\0\0\0\0\0\0\0\0\0\0\0\0\0\0\0\0\0\0\0\0\0\0\0\0\0\0\0\0\0\0\0\0\0\0\0\0\0\0\0\0\0\0\0\0\0\0\0\0\0\0\0\0\0\0\0\0\0\0\0\0\0\0\0\0\0\0\0\0\0\0\0\0\0\0\0\0\0\0\0\0\0\0\0\0\0\0\0\0\0\0\0\0\0\0\0\0\0\0\0\0\0\0\0\0\0\0\0\0\0\0\0\0\0\0\0\0\0\0\0\0\0\0\0\0\0\0\0\0\0\0\0\0\0\0\0\0\0\0\0\0\0\0\0\0\0\0\0\0\0\0\0\0\0\0\0\0\0\0\0\0\0\0\0\0\0\0\0\0\0\0\0\0\0\0\0\0\0\0\0\0\0\0\0\0\0\0\0\0\0\0\0\0\0\0\0\0\0\0\0\0\0\0\0\0\0\0\0\0\0\0\0\0\0\0\0\0\0\0\0\0\0\0\0\0\0\0\0\0\0\0\0\0\0\0\0\0\0\0\0\0\0\0\0\0\0\0\0\0\0\0\0\0\0\0\0\0\0\0\0\0\0\0J\0\0>\:\0\0\0\0\0\0\0\0\0\0\0\0\0\0\0\0\0\0\0\0\0\0\0\0\0\0\0\0\0\0\0\0\0\0\0\0\0\0\0\0\0\0\0\0\0\0\0\0\0\0\0\0\0\0\0\0\0\0\0\0\0\0\0\0\0\0\0\0\0\02\\0\0\0\0V\}\\0΄%\0\0\0\0\0\0\0\0\0\0\0\0\0\0\0\0\0\0\0\0\0\0\0\0\0\0\0\0\0\0\0\0\0\0\0\0\0\0\0\0\0\0\0\0\0\0\0\0\0\0\0\0\0\0\0\0\0\0\0\0\0\0\0\0\0\0\0	00\}+3\Z\ZB\0\0\0\0\0\0\0\0\0\0\0\0\0\0\0\0\0\0\0\0\0\0\0\0\0\0\0\0\0\0\0\0\0\0\0\0\0\0\0\0\0\0\0\0\0\0\0\0\0\0\0\0\0\0\0\0\0\0\0\0\0\0\0\0\0\0\0c\̋\0ˉ,v\(\\00\0\0\0\0\0\0\0\0\0\0\0\0\0\0\0\0\0\0\0\0\0\0\0\0\0\0\0\0\0\0\0\0\0\0\0\0\0\0\0\0\0\0\0\0\0\0\0\0\0\0\0\0\0\0\0\0\0\0\0\0\0\0\0\0\0\0\0\8K\\\0R\\xDBO}\0\0\0\0\0\0\0\0\0\0\0\0\0\0\0\0\0\0\0\0\0\0\0\0\0\0\0\0\0\0\0\0\0\0\0\0\0\0\0\0\0\0\0\0\0\0\0\0\0\0\0\0\0\0\0\0\0\0\0\0\0\0\0\0\0\00H\\0(\LЌ\NC\lh )\0\0\0\0\0\0\0\0\0\0\0\0\0\0\0\0\0\0\0\0\0\0\0\0\0\0\0\0\0\0\0\0\0\0\0\0\0\0\0\0\0\0\0\0\0\0\0\0\0\0\0\0\0\0\0\0\0\0\0\0\0\0\0\0\0\0ӊ-A\\Z4\\J\07}0\0\0\0\0\0\0\0\0\0\0\0\0\0\0\0\0\0\0\0\0\0\0\0\0\0\0\0\0\0\0\0\0\0\0\0\0\0\0\0\0\0\0\0\0\0\0\0\0\0\0\0\0\0\0\0\0\0\0\0\0\0\0\0\0\0\\;z_ \T!\0xӵ\}\\n\0\0\0\0\0\0\0\0\0\0\0\0\0\0\0\0\0\0\0\0\0\0\0\0\0\0\0\0\0\0\0\0\0\0\0\0\0\0\0\0\0\0\0\0\0\0\0\0\0\0\0\0\0\0\0\0\0\0\0\0\0\0\0\0)Ǵܦ\?E!6\K`}%c\0\0\0\0\0\0\0\0\0\0\0\0\0\0\0\0\0\0\0\0\0\0\0\0\0\0\0\0\0\0\0\0\0\0\0\0\0\0\0\0\0\0\0\0\0\0\0\0\0\0\0\0\0\0\0\0\0\0\0\0\0\0\0H$\`)K\&<\1M\1\\0\0\0\0\0\0\0\0\0\0\0\0\0\0\0\0\0\0\0\0\0\0\0\0\0\0\0\0\0\0\0\0\0\0\0\0\0\0\0\0\0\0\0\0\0\0\0\0\0\0\0\0\0\0\0\0\0\0\0\0\0\0\0&%N\H\nH	k\1J$&1\0\0\0\0\0\0\0\0\0\0\0\0\0\0\0\0\0\0\0\0\0\0\0\0\0\0\0\0\0\0\0\0\0\0\0\0\0\0\0\0\0\0\0\0\0\0\0\0\0\0\0\0\0\0\0\0\0\0\0\0\0\0\0>\P&`ѝc+!.<\-@\0\0\0\0\0\0\0\0\0\0\0\0\0\0\0\0\0\0\0\0\0\0\0\0\0\0\0\0\0\0\0\0\0\0\0\0\0\0\0\0\0\0\0\0\0\0\0\0\0\0\0\0\0\0\0\0\0\0\0\0\0\0.q\#13?io`\"\0\0\0\0\0\0\0\0\0\0\0\0\0\0\0\0\0\0\0\0\0\0\0\0\0\0\0\0\0\0\0\0\0\0\0\0\0\0\0\0\0\0\0\0\0\0\0\0\0\0\0\0\0\0\0\0\0\0\0\0\0\0\[F>!ܰ\c\$(A\\0\c\4\0\0\0\0\0\0\0\0\0\0\0\0\0\0\0\0\0\0\0\0\0\0\0\0\0\0\0\0\0\0\0\0\0\0\0\0\0\0\0\0\0\0\0\0\0\0\0\0\0\0\0\0\0\0\0\0\0\0\0\0\0\0 H\W\x>od8U\0\0\0\0\0\0\0\0\0\0\0\0\0\0\0\0\0\0\0\0\0\0\0\0\0\0\0\0\0\0\0\0\0\0\0\0\0\0\0\0\0\0\0\0\0\0\0\0\0\0\0\0\0\0\0\0\0\0\0\0\0\0Sr0	a!B7i2\r71\0\0\0\0\0\0\0\0\0\0\0\0\0\0\0\0\0\0\0\0\0\0\0\0\0\0\0\0\0\0\0\0\0\0\0\0\0\0\0\0\0\0\0\0\0\0\0\0\0\0\0\0\0\0\0\0\0\0\0\0\0 x\t\\\rFw3\CNl jR@\0\0\0\0\0\0\0\0\0\0\0\0\0\0\0\0\0\0\0\0\0\0\0\0\0\0\0\0\0\0\0\0\0\0\0\0\0\0\0\0\0\0\0\0\0\0\0\0\0\0\0\0\0\0\0\0\0\0\0\0l\"ܵ3\Dj\nOp2nK\d\\Z\0\0\0\0\0\0\0\0\0\0\0\0\0\0\0\0\0\0\0\0\0\0\0\0\0\0\0\0\0\0\0\0\0\0\0\0\0\0\0\0\0\0\0\0\0\0\0\0\0\0\0\0\0\0\0\0\0\0\0\0\0\07XE>\Z\Ю9}mzs\\e\0\0\0\0\0\0\0\0\0\0\0\0\0\0\0\0\0\0\0\0\0\0\0\0\0\0\0\0\0\0\0\0\0\0\0\0\0\0\0\0\0\0\0\0\0\0\0\0\0\0\0\0\0\0\0\0\0\0\0\0\0\0\\\C\\\0?\n\@$\0\0\0\0\0\0\0\0\0\0\0\0\0\0\0\0\0\0\0\0\0\0\0\0\0\0\0\0\0\0\0\0\0\0\0\0\0\0\0\0\0\0\0\0\0\0\0\0\0\0\0\0\0\0\0\0\0\0\0\0\0\0\0\0\0&\K\d\'|\9(\0G\ģ\\\0\0\0\0\0\0\0\0\0\0\0\0\0\0\0\0\0\0\0\0\0\0\0\0\0\0\0\0\0\0\0\0\0\0\0\0\0\0\0\0\0\0\0\0\0\0\0\0\0\0\0\0\0\0\0\0\0\0\0\0\0\0\0\0oї6\rNO~\0NI\0\0\0\0\0\0\0\0\0\0\0\0\0\0\0\0\0\0\0\0\0\0\0\0\0\0\0\0\0\0\0\0\0\0\0\0\0\0\0\0\0\0\0\0\0\0\0\0\0\0\0\0\0\0\0\0\0\0\0\0\0\0\0\0V#gaH{C<Щ\=?\}\0\0\0\0\0\0\0\0\0\0\0\0\0\0\0\0\0\0\0\0\0\0\0\0\0\0\0\0\0\0\0\0\0\0\0\0\0\0\0\0\0\0\0\0\0\0\0\0\0\0\0\0\0\0\0\0\0\0\0\0\0\0\0\0&d\0NSTB	\5}\yd\0\0\0\0\0\0\0\0\0\0\0\0\0\0\0\0\0\0\0\0\0\0\0\0\0\0\0\0\0\0\0\0\0\0\0\0\0\0\0\0\0\0\0\0\0\0\0\0\0\0\0\0\0\0\0\0\0\0\0\0\0\0\0\0\0Iu L{iP61J2\rX\0\0\0\0\0\0\0\0\0\0\0\0\0\0\0\0\0\0\0\0\0\0\0\0\0\0\0\0\0\0\0\0\0\0\0\0\0\0\0\0\0\0\0\0\0\0\0\0\0\0\0\0\0\0\0\0\0\0\0\0\0\0\0\0\0N\o\\rҒc{O;p\2uMk(\0\0\0\0\0\0\0\0\0\0\0\0\0\0\0\0\0\0\0\0\0\0\0\0\0\0\0\0\0\0\0\0\0\0\0\0\0\0\0\0\0\0\0\0\0\0\0\0\0\0\0\0\0\0\0\0\0\0\0\0\0\0\0\0\0\0N&*\nAlZ\<\0\'\\\&Z\X4\0\0\0\0\0\0\0\0\0\0\0\0\0\0\0\0\0\0\0\0\0\0\0\0\0\0\0\0\0\0\0\0\0\0\0\0\0\0\0\0\0\0\0\0\0\0\0\0\0\0\0\0\0\0\0\0\0\0\0\0\0\0\0\0\0	L\\4bu(\0\0\0\0\0\0\0\0\0\0\0\0\0\0\0\0\0\0\0\0\0\0\0\0\0\0\0\0\0\0\0\0\0\0\0\0\0\0\0\0\0\0\0\0\0\0\0\0\0\0\0\0\0\0\0\0\0\0\0\0\0\0\0\0\0	\|\,N\<&w\C[\\$\0\0\0\0\0\0\0\0\0\0\0\0\0\0\0\0\0\0\0\0\0\0\0\0\0\0\0\0\0\0\0\0\0\0\0\0\0\0\0\0\0\0\0\0\0\0\0\0\0\0\0\0\0\0\0\0\0\0\0\0\0\0\0\0\0Ou\\|/,ړ\d+:S\\\0\0\0\0\0\0\0\0\0\0\0\0\0\0\0\0\0\0\0\0\0\0\0\0\0\0\0\0\0\0\0\0\0\0\0\0\0\0\0\0\0\0\0\0\0\0\0\0\0\0\0\0\0\0\0\0\0\0\0\0\0\0\0\0\0BAE\0\m|gLiV\yz;\0\0\0\0\0\0\0\0\0\0\0\0\0\0\0\0\0\0\0\0\0\0\0\0\0\0\0\0\0\0\0\0\0\0\0\0\0\0\0\0\0\0\0\0\0\0\0\0\0\0\0\0\0\0\0\0\0\0\0\0\0\0\0\0\0\0\0\"TAB\0 \0\\d\0\0\0\0\0\0\0\0\0\0\0\0\0\0\0\0\0\0\0\0\0\0\0\0\0\0\0\0\0\0\0\0\0\0\0\0\0\0\0\0\0\0\0\0\0\0\0\0\0\0\0\0\0\0\0\0\0\0\0\0\0\0\0\0\0\0\0\0)\j\6\\7m\\j;\0\0\0\0\0\0\0\0\0\0\0\0\0\0\0\0\0\0\0\0\0\0\0\0\0\0\0\0\0\0\0\0\0\0\0\0\0\0\0\0\0\0\0\0\0\0\0\0\0\0\0\0\0\0\0\0\0\0\0\0\0\0\0\0\0\0\0 ?~\s	=x\\0a\vZ\0\0\0\0\0\0\0\0\0\0\0\0\0\0\0\0\0\0\0\0\0\0\0\0\0\0\0\0\0\0\0\0\0\0\0\0\0\0\0\0\0\0\0\0\0\0\0\0\0\0\0\0\0\0\0\0\0\0\0\0\0\0\0\0\0\0\0\0\0v%ȺOm@<*7\Eڳ\\0\0\0\0\0\0\0\0\0\0\0\0\0\0\0\0\0\0\0\0\0\0\0\0\0\0\0\0\0\0\0\0\0\0\0\0\0\0\0\0\0\0\0\0\0\0\0\0\0\0\0\0\0\0\0\0\0\0\0\0\0\0\0\0\0\0\0\0\0\0{[\\0%Of\0\0\0\0\0\0\0\0\0\0\0\0\0\0\0\0\0\0\0\0\0\0\0\0\0\0\0\0\0\0\0\0\0\0\0\0\0\0\0\0\0\0\0\0\0\0\0\0\0\0\0\0\0\0\0\0\0\0\0\0\0\0\0\0\0\0\0\0\0p`E߶+:z\\0\0\0\0\0\0\0\0\0\0\0\0\0\0\0\0\0\0\0\0\0\0\0\0\0\0\0\0\0\0\0\0\0\0\0\0\0\0\0\0\0\0\0\0\0\0\0\0\0\0\0\0\0\0\0\0\0\0\0\0\0\0\0\0\0\0\0\0\0W\*\\{\0\0\0\0\0\0\0\0\0\0\0\0\0\0\0\0\0\0\0\0\0\0\0\0\0\0\0\0\0\0\0\0\0\0\0\0\0\0\0\0\0\0\0\0\0\0\0\0\0\0\0\0\0\0\0\0\0\0\0\0\0\0\0\0\0\0\0\0\0\0@^u\\Qh\"\0\0\0\0\0\0\0\0\0\0\0\0\0\0\0\0\0\0\0\0\0\0\0\0\0\0\0\0\0\0\0\0\0\0\0\0\0\0\0\0\0\0\0\0\0\0\0\0\0\0\0\0\0\0\0\0\0\0\0\0\0\0\0\0\0\0\0\0\0\0x\0\s\\k\_X+v\0\0\0\0\0\0\0\0\0\0\0\0\0\0\0\0\0\0\0\0\0\0\0\0\0\0\0\0\0\0\0\0\0\0\0\0\0\0\0\0\0\0\0\0\0\0\0\0\0\0\0\0\0\0\0\0\0\0\0\0\0\0\0\0\0\0\0\0\0L\0\0\s\V\~[u8W%\	\0\0\0\0\0\0\0\0\0\0\0\0\0\0\0\0\0\0\0\0\0\0\0\0\0\0\0\0\0\0\0\0\0\0\0\0\0\0\0\0\0\0\0\0\0\0\0\0\0\0\0\0\0\0\0\0\0\0\0\0\0\0\0\0\0\0\0\0\0\Zë\\\,\0\\\@\0\0\0\0\0\0\0\0\0\0\0\0\0\0\0\0\0\0\0\0\0\0\0\0\0\0\0\0\0\0\0\0\0\0\0\0\0\0\0\0\0\0\0\0\0\0\0\0\0\0\0\0\0\0\0\0\0\0\0\0\0\0\0\0\0\0\0\0\0\~\\)\\-Qŭ\\0\0\0\0\0\0\0\0\0\0\0\0\0\0\0\0\0\0\0\0\0\0\0\0\0\0\0\0\0\0\0\0\0\0\0\0\0\0\0\0\0\0\0\0\0\0\0\0\0\0\0\0\0\0\0\0\0\0\0\0\0\0\0\0\0\0\0\0\0\0E\D\3\s\\\H:\0\0 \0\0\0\0\0\0\0\0\0\0\0\0\0\0\0\0\0\0\0\0\0\0\0\0\0\0\0\0\0\0\0\0\0\0\0\0\0\0\0\0\0\0\0\0\0\0\0\0\0\0\0\0\0\0\0\0\0\0\0\0\0\0\0\0\0\0\0\0\0\0\|\0\|\G\0\0\0\0\0\0\0\0\0\0\0\0\0\0\0\0\0\0\0\0\0\0\0\0\0\0\0\0\0\0\0\0\0\0\0\0\0\0\0\0\0\0\0\0\0\0\0\0\0\0\0\0\0\0\0\0\0\0\0\0\0\0\0\0\0\0\0\0\0\0\0\0\0t9^\;)p\t\0\0\0\0\0\0\0\0\0\0\0\0\0\0\0\0\0\0\0\0\0\0\0\0\0\0\0\0\0\0\0\0\0\0\0\0\0\0\0\0\0\0\0\0\0\0\0\0\0\0\0\0\0\0\0\0\0\0\0\0\0\0\0\0\0\0\0\0\0\0\0\0\0\0\\ 쏄@{\WB\0\0\0\0\0\0\0\0\0\0\0\0\0\0\0\0\0\0\0\0\0\0\0\0\0\0\0\0\0\0\0\0\0\0\0\0\0\0\0\0\0\0\0\0\0\0\0\0\0\0\0\0\0\0\0\0\0\0\0\0\0\0\0\0\0\0\0\0\0\0\0\0\0\0t-D,\0\T#\0\0\0\0\0\0\0\0\0\0\0\0\0\0\0\0\0\0\0\0\0\0\0\0\0\0\0\0\0\0\0\0\0\0\0\0\0\0\0\0\0\0\0\0\0\0\0\0\0\0\0\0\0\0\0\0\0\0\0\0\0\0\0\0\0\0\0\0\0\0\0\0\0\0\}tJM\0\0\0\Za\0\0\0\0\0\0\0\0\0\0\0\0\0\0\0\0\0\0\0\0\0\0\0\0\0\0\0\0\0\0\0\0\0\0\0\0\0\0\0\0\0\0\0\0\0\0\0\0\0\0\0\0\0\0\0\0\0\0\0\0\0\0\0\0\0\0\0\0\0\0\0\0\0\0\0xpD\0\0Id\0\0\0\0\0\0\0\0\0\0\0\0\0\0\0\0\0\0\0\0\0\0\0\0\0\0\0\0\0\0\0\0\0\0\0\0\0\0\0\0\0\0\0\0\0\0\0\0\0\0\0\0\0\0\0\0\0\0\0\0\0\0\0\0\0\0\0\0\0\0\0\0\0\0\0\0\0E}\ \0\0\0\0\0\0\0\0\0\0\0\0\0\0\0\0\0\0\0\0\0\0\0\0\0\0\0\0\0\0\0\0\0\0\0\0\0\0\0\0\0\0\0\0\0\0\0\0\0\0\0\0\0\0\0\0\0\0\0\0\0\0\0\0\0\0\0\0\0\0\0\0\0\0\0\0\0\0\0\0\0}a\0\0\0\0\0\0\0\0\0\0\0\0\0\0\0\0\0\0\0\0\0\0\0\0\0\0\0\0\0\0\0\0\0\0\0\0\0\0\0\0\0\0\0\0\0\0\0\0\0\0\0\0\0\0\0\0\0\0\0\0\0\0\0\0\0\0\0\0\0\0\0\0\0\0\0\0\0\0\0\0\0\0\0\0\0\\\0\0\0\0\0\0\0\0\0\0\0\0\0\0\0\0\0\0\0\0\0\0\0\0\0\0\0\0\0\0\0\0\0\0\0\0\0\0\0\0\0\0\0\0\0\0\0\0\0\0\0\0\0\0\0\0\0\0\0\0\0\0\0\0\0\0\0\0\0\0\0\0\0\0\0\0\0\0\0\0\0\0\0߀\0\0\0\0\0\0\0\0\0\0\0\0\0\0\0\0\0\0\0\0\0\0\0\0\0\0\0\0\0\0\0\0\0\0\0\0\0\0\0\0\0\0\0\0\0\0\0\0\0\0\0\0\0\0\0\0\0\0\0\0\0\0\0\0\0\0\0\0\0\0\0\0\0\0\0\0\0\0\0\0\0\0\0l\0\\0\0\0\0\0\0\0\0\0\0\0\0\0\0\0\0\0\0\0\0\0\0\0\0\0\0\0\0\0\0\0\0\0\0\0\0\0\0\0\0\0\0\0\0\0\0\0\0\0\0\0\0\0\0\0\0\0\0\0\0\0\0\0\0\0\0\0\0\0\0\0\0\0\0\0\0\0\0\0\0\0\0\0\0\0\0LP\0\0\0\0\0\0\0\0\0\0\0\0\0\0\0\0\0\0\0\0\0\0\0\0\0\0\0\0\0\0\0\0\0\0\0\0\0\0\0\0\0\0\0\0\0\0\0\0\0\0\0\0\0\0\0\0\0\0\0\0\0\0\0\0\0\0\0\0\0\0\0\0\0\0\0\0\0\0\0\0\0\0\0\0\0\0\0\0؀\0\0\0\0\0\0\0\0\0\0\0\0\0\0\0\0\0\0\0\0\0\0\0\0\0\0\0\0\0\0\0\0\0\0\0\0\0\0\0\0\0\0\0\0\0\0\0\0\0\0\0\0\0\0\0\0\0\0\0\0\0\0\0\0\0\0\0\0\0\0\0\0\0\0\0\0\0\0\0\0\0\0\0\0\0\0\0\0\0\0\0\0\0\0\0\0\0\0\0\0\0\0\0\0\0\0\0\0\0\0\0\0\0\0\0\0\0\0\0\0\0\0\0\0\0\0\0\0\0\0\0\0\0\0\0\0\0\0\0\0\0\0\0\0\0\0\0\0\0\0\0\0\0\0\0\0\0\0\0\0\0\0\0\0\0\0\0\0\0\0\0\0\0\0\0\0\0\0\0\0\0\0\0\0\0\0\0\0\0\0\0\0\0\0\0\0\0\0\0\0\0\0\0\0\0\0\0\0\0\0\0\0\0\0\0\0\0\0\0\0\0\0\0\0\0\0\0\0\0\0\0\0\0\0\0\0\0\0\0\0\0\0\0\0\0\0\0\0\0\0\0\0\0\0\0\0\0\0\0\0\0\0\0\0\0\0\0\0\0\0\0\0\0\0\0\0\0\0\0\0\0\0\0\0\0\0\0\0\0\0\0\0\0\0\0\0\0\0\0\0\0\0\0\0\0\0\0\0\0\0\0\0\0\0\0\0\0\0\0\0\0\0\0\0\0\0\0\0\0\0\0\0\0\0\0\0\0\0\0\0\0\0\0\0\0\0\0\0\0\0\0\0\0\0\0\0\0\0\0\0\0\0\0\0\0\0\0\0\0\0\0\0\0\0\0\0\0\0\0\0\0\0\0\0\0\0\0\0\0\0\0\0\0\0\0\0\0\0\0\0\0\0\0\0\0\0\0\0\0\0\0\0\\0*\0\0\0\0\0!1AQaq`\ \0\\0?\0qV㾆\JwM0z\5ޢ{]\\t/Jw+\rOo\xE:\l0Fv0P\\=0uj8wg\E\:}6\\\J\'x\A~\A\)\S@y7\\0X\[)\\nZ#\G\D\\0զ\V퉏4Aܧ\ޥU//`|U\\玚AVbC:UMa\l\Z\\iqgO\\]x\=\c\&[\nj-PahU\g}b*!\\\{-\0OuA\\,mo\wo\\\&9[Hx\S5\2%Dy%\T\yFS\\-ǦB,\\\! \nPJ\\\\n\0߉\\I\\`+\0\0c/hJ\iZĽ\0@\")\ѡ\\u\!{\n;pgd#=\k \ay7`f)K\AҭSV\A!8%,\0ɀwi*\%JUFGXb\\V*P\Z{AB\9\\@:$A\u-=*h!5Z\\\\\\\]EeU\\\\\؎KSpF[\7GN`Q\\8!\\0\\G9N\"\n=0\\-\A@\U\F@\r-\]]\{\|	@aWt\'6\\\e4>f\O):\9_sDC*7i\\iq+\\0GU\Ô}\Z4e\3\.i\rx\?1\AA-\iz\\-\\\J\\\01!}3\5\\=P\XW@\EF\jk\\hsM\\\+yĄ5n2\\\,\wh;K\\}\A!;w\\OK9[8~\"}+o(\h^\0kL\c;WZmSÏ\\0\C)\U\=O/YCOJ\\WppbP\{l\\n5K\shLs>(^ԣ~ P\s\\@}\@\3Nt\Z\+a\o\yB\\\-\S\1q\\m\\\^DhK3cs\"\\QZ\\\\<\\\0(Й\2˽\'2`\m5kKB	v8u\;\g\]\\LJeJsKs[]v\3[\*\q\o\Z]1h cyb<l\%\e*\3K6f\JJ\\W}\YZ:@Ԣr0G\'\\\=Vz*8m4Ӡ\\(h]\0\+gA\\\Q\S\ZQ490i_2\l1\;b̿hsH\j!\\\zʕ\:\2f:E\h\"Y\*k*B\\\\\/\\LoE:ys\\\?>4W1\{\`\!Nk\Z\\q_A0\U@\\hi3\Z\\P5ꂌ\LKX(ӥel>мLG\!|5	f`\8 \r\.\\rІ_uѹ<b\\\[2\\\=Q1\RLw|\r-˖۬\0`\,C\\[U~\\\\X\n2%\A>	SH5vK#\a\8b\jA\9s#Lb|_QNјֆzʙ\a-Tm\p4\!jPgʯ|\;@j%\\[/=)U -\Nev\rt \\nm@Zy\0=w\\\n g@~ނr\Lz\V\\ec\%k\6\|K&< wR\\rJ`\v\!Zh-X\\*X\xB\}<&QNMk\啪cXu\Ⱥ\m~\v@,oΈT7٣\r\\\1P>!\\	-.\\\a\ʚ,\k\Z\\,X\vzO\\u\H\r\\dSZg]\8\\Mmy\k\YǢ\B⥕A\WKuLӲ[\\\L$Q\7\KDC}+63\,Zg\é\\\0ؖvE\\\\\\0hi\0\4.\Uo[\_\Bdj&2\r\dZ\A=.\\rK\\%+h:\\_\5z\\a\x\L\\ڿ	H^\\\׏~#\tSOxhx\'\W8\7Vw\0\ۙAM`CA+u\GQ\\Ԑ\sM\)jU&rq\rXҟA5itP\c\CGIF(\/\\vڡYy_I=\\+\\\Zx#\\x\	&\j\\'.SH\f,tz\zKu\Z0\(Z\\Y{.\7/\ni\-(lK\\Qq\Z\0\Zў\b\o\r;-&g\\d\Z\0\\\sR\na>VN*Y\\%+\1\\&\r\7\\\{\	Tͧ+AVX	莹nۗ\;D42%EքRF\l>\q\qy\:y\\"\g\Z\Ku\x,`\r7G2\=\\o\`Q4\%كGM)jҢSPP&\\H\gL\\\;\|\\0\'\5Z⥫@j\0S\o\~is^o](vZ-\5n+\\\5\\n.ݢHp\]\\_|\\4ր\:v%f,`\"/g0KS9\|\0B-ah<P\6G\ps\\\\Z\'pY۟ZCa\\RxM\!-ҙB\]t\nsuR7>d)\֟\L\\E[0\@\,\1,ӢPnq;\N?\kyeGUG\\4V{W;O1\O\Ʋ\r\\:\\qr۠\~\if\4IT68վETb(_\=+\\\F\r\rsqYJ#\\j\J8\\r?\0\G%\7}\Trc_M^\\Ԕum5q\00o(\k4m\_} wg1J5E癮yP\yu\hmo\'I9WUǏ]liO\F0\\_xǾ)}eE\R-EС؛̽a\.t+\\\8\h\\i}T\\\\}4\.\>A;2n6\:\0]W.v\0Y:\\/v*\A丘m(Q\z\G}z\\\9b\hıE+kU\p\]^&x+{{\r\+Ĳ\J `\NMP\\\\&c[b:I]8Qe\\ف@\\\Z-G\|o ;Vu[n;KA^\\[U?\\/{7oBߠx\\sf߈nTp\\'1;\bR1i\.z\r\\\,\\hi\0\*_0 \ro\uF\\\\0ۢo@;Fw\rT\Z8\qc5\\|_\{E\rCF;\\\2\\i\\0\'	\\n\0\lyoDYkNc!\FJ\M%\\MY5t\	7\wZQ.׎ \Z7\cX>b=\"\\,\0Dr\	?*/sDW\v\F4ߢ\0w\VDsNLZc@\\AaB\Ϙp\ۡ\Q\ur\nNN/}\0`2ªF\GU]Ut\0]\\8\rB\񷢜2\SPwՖJ\*1̪K}Zo}64:d%\v2}\FY΅&h\r\W\\\"=gY%0qg\r\I*h`\e¬\'HfJu\\LGfr\Z{fvSJGO\ZGF\\ť^M`e<\\\L.(0^!\\tC\ZB5\Cb\%G\Kz_AV{o:P\`>xATg\\0ޑ\l6>4Mw\r\W!к&|\a/@ۡ6\Z-?R.\èϙ`ފ:]  |Lo:\?\\"nXrӝ@q\M@-\ʾ}\r\\a)\u^bHkxW\\mz\\n\v=gdo\,@\\0=%\n\'HA\x6&w}:.\e+Z\c/bW\Q.\EC,PQO\k<1֯2\%z[	N\\\0\n%\\ZTc2`?rQu7d\-\w(+p\_\"hEU[W[\<Z\r\\\\0`\n\\\"\rW\dɰ4\'\|k.cw\ZN\}m`%\ZxއLf\"tm\\l49\Z{^b\k]`71\\E/#\u:6\Z\1 ѧ\#\0QF\0P\(ܦ>\):WIƻD\Q5\@\Y\'\k ֏sS\t	\\\r\;&[CfR \0%g`nY\C0Z]\Q\r\g]%M#X>btX\:\o\S9\_\\W7dk!\/iAoRz\7_H6\~z_vi\9&H]5k\\`\.M6\\\<eho1W.鼨*@\RQ{\|ѣE}\0\m°\\&v`_g;\E*r\;@\@ü{\>\\O1\Em\\\eCPZ\7n\$^\\,x8>ߧY\c\]LQlo\\\\"\E\\Z\\+\V\r\3Fw4<JĨ\\\:-\<N\Z9\\04p󷪊m`m\\%\Z\xcyt뫻\Z⾤Ԛ\yT2\D/Tj\\rƊo\\w\YL*i\Oh\	\>\\8-2vi\n\⭫o[g\\\0+^\0RZN\%`\$T\w\)tA>*^߁\S\;7\~C\2\RO#v\\ўa֍%N~,\Z[(\`}\0%B,XG\0v/O@bk\n%=w\\ģ\rxI4j+\0f\\\\PU\zl\QJO\"D}M\B\?\\t\"-E\0%\0}W@BG=~\0Wg1\\z-Z\«\Tɚ|?	\\0\\]\n/\19U6\oHbXgW+8uK\\n:nXNq{\\\XF\Z\]b?\\n`\\-!B&Bh\\0TC,u^\F`\|z\'0[\0Ď\\ON>ޢUrQ\Rtg}\0\R\\Z\3\_\\\@O\\0*\0\0\0\0\0!1AQaq` \\0\\0?\0pb=Z&i_Z\\7\N.-W.ҚBbVN\K9\'\\Kpx\\s},TP\Z^fV:鳬\rF)nä\"ĶX)\Ҿ$f3\0\\:Erbr[4	#\S\tq\F۵\&N\A\k^9 <>\\-\Ύ7KVz \@>Zzvu0S\+GJ{\MgR\\@h>gx5ìn\J\\jNz`#\$cǦ\\\$e\;J,\K\re\%V*\\0Ϲf,\ApYረLe^\"6+\Sz,\\\\G\Er\\)\f\\0X\")[b\Ĳ\/\rh\rKCã\1u\\U\XQ:\A\A\\4T\'=Ώ\-:5\WLG\nD%\0\\)ZeSUc[\n\0\RQ(\\\UDDlM\+n\Ȭn\+\\[?G\\X\k\.ijWf\rmo;\r\0y`\\XmEDIoiJ\Jv\0?:uH1,\\Siz!sXaU\r\t\&1\i\L\\NV*\S~gtc`݂hC\\\\3*&ȼ\'u\\\xn\S:R-\Ђ\}du|T7f?LI\}\l\\F+ӓCXri\00\n\J\_\|cuG89}߉\M	ine\Zg\һްRv*|A#4\|pM\r;G<-̣\q\\-goЂvLOl[i*R2X^Et\);\\\D\\a\\\e\J%F9\wr\\\d&\],Q\{̹\\u\\r\S\i]\K\\n0\\`.!hQm*=\\\"\yɝ!M	D:e9\\pt\b\V\݁)ͦO\%\\`w%\vӕ\m\\\"M]ɓZP\\\0\,2aH致j\UGq8ϖ\c\!4\B݋f\ӓ^\\ՙgBg\\\]#R\\_& /^u=>[\^Z<k\0kUw\aUZyv\\r \Iɔ{.5\\3<\~zK\"Ԕxԕ8:\C[\-Z[\E\\\Z\1\b±Ɂ4\I\hX\0j\<pC$4a\POl\\'$|\J0t*U\r\\Z\LR=\G\J\LqȖ|.\\ ޜ\\\r}\|.K\Q\y\A\ՒP\FK\"/HB\q\0\h3qL\jŀ\.\\\0Q\6$Pf5r4J	V\ex3.yD0c\EZ~\i,GoI35\\ͽrqA_^lLS%YMSU=\\$W\*+4\\v\M\	V7FK\n՗\jsX(\08\"͂Uglj\Q\Q\\B$\\~&\M\SR\СM\b\\Bs0oW\N\v7\cX\nFm0\$y9\SS\\6e\\]\U\`*.\V\B}\%˛l\\Z5\{0\Z7\/#\\9<\k?Җ\"\0\eM57?\͒\\\|̗>\\#\\bS\[Gu\\5L\&7\Ayj9BwWC*41\\\k\\n&\)~َ\يU3^\\\̧M\+ja/(X#@\aT|\\\\\\\0z1\Ax\\Jm}T3C1@\\\\IJF*\]\0p\\ü4#f騯\.4<{	G~\cEU\0p- n٫sA\\h\5m\0hs\i\U7En Sp\O8e:CVͼz^\=u|\#	\/~fE\.]\S3\|C4\I喔4\0\/^\K2\.c\+AO_\Zƽ\*9ѰQ1\_\7<g\\ \\\\0L1^ə娯?vOMI\:\h^J@E3u\=:˅\A\)5v(Pq\0\3\>\m\\<C^PhfL\T׭\\1ZO>S]/Z\-y\Sq>fbj;\\\\j`!׫\\\C0\P5Om\\\1\\ǏL3	(3~\ZK\JK\\.}\7u\6DJHJ\"JM\iu\͂*_\	\\\G[r\\_\.\0\nZ-5\9j\gIB1,\,,\r$+\YCxEe2\r\4x\\\\A~ڭ1(\'P\\\U\c\\!\%Ɵ\@\0扪-+\4\J\g\\\\\>%I\<=3aG)IE;UM1,\^\,\\?\'M\VfYr\\\\\k}\\?\\r>\G\G\\]6޷Rvϴ-\\M:,sȇ\n\X\'ynxS\\`\\xK\.\\\\\ՠble/\V]\\B\w@cn\қB,@]\"\7YbU\ZCbWAYbXkh뷧/و\\\\Ocv3S_M}&T\X\\\p4\rgv5Q0^ؗ:%xHϷ-kHX\\"nZL 27\r\o^lqPUe\V\nl\p\kO*	s+>Zu_\v\\L{WZ\Z6\nQ\\\ٴa|pz	c\Zv\ZĘ\\\\o\\Vo\r،YutcSRp\rq\,\h݉\X\06%[-_\ElCZSz{g\жP;Lr\\L#|\4%n\0-`u7\i((Ow)V\\\\P\i2YUohwY; /\.	a^\\\0-X?\q<\\ǲ\\,(\\`b87<ˌ\Z\4\+FE@uunt\ry\)\nw@=~\Z䇃Il\ۍw*q\\\>8m1\\o\\}?\YuP\2 t;v!\ĩO +	Ci\\\^-\\\fb_\;\C@Q#\\"\\ב\\\<L]<OJ\`Ĳiwx\\#\'xer]\N;\Pצ`\\n/\q\5vLi\\w\i\Z\Vؽu\\vWi\-*W0R\\!A\\ѡ5hu\02Vb]k}#5g\H\4pv\\oF\8uX\\f==\B8|+3R\w\\籕\\n\r7Vb>0A*٨Dw;Իɠ46\钹ET4.`:h\\`篻\r+?j(8\ZG]W\\4#\̭ʖR\\Z\02xw\\Uxτx\0f\ʖ\OR\B+M\Ù1m\0{JmP\\0hI\0Ce_c:x\_\-\iw`ҥ.\**\\QCOe\\{/\󄹤pA\o\4;DV\\\Զ-\!A\n!\~Օ@\:\0%o0g\\n\Z7\n\-i:2:ڝ\$Ɣp;w\\\-0s*\-\#B\ϱ\b=\i\\{\/ϮfUl\m\ˁfiQ\t==B,3)\\\5ݔ?+\GY\MP\\\<\0\J\-zʂoX\\r\\\B~/޷Uq\0\\0,\0\0\0\0!1AQaq p\\0@\\0\0?\0`>G\[\\[&~\\֯aI=\X\1\\r\iVX\떜FOz·wHpɳ\!g?Vd밐eAF\j\ƾ* f6W@\\\R?\£[\\|?\"n oX\\p>\\|ZC\֬\TizT˳\\hixuKCW@Q䤝\\N\kSFfrzڀ\(C@.5\)\\r&\" XX^K\\М\0[ҳ+y/9TPT*ěW$\\\\ȿT]eҞ\\\V\q\(*\0FGʲި JX.:K\Hd\\\\x=iM3z\$#\\%\&\Aws	,\Z\\\2OlWv}\Mge~h\0\HbV\m\TT\\\\0ǊYǔh\\\\n$D\q\uݯX\]2.\\թ~F\}\)S`G\h.=*T \\J+E\\DG4\I atiۏO@UWR\r\m_5r:E`=\ӣc#ޟ\\{PY\h\n\Q\?0dj)J\Oc3\#Q\F@2\j<C}A]?\*ͤ\\"7C$\\1ZDA@TeDR+`}\\]Y\0,:FI]\'\\ng7*J2I(=\0H69%\'*C\0#5\Xim\P\\R\\%:K:/\\\rA\F=:	{\\=\n\Ft\\K?d\Bg`Ĩſx>j\\>h1\)0#\\\Ƶ\\B;U\0ͳ\@42xhJrF#ûk\\\\\YG:\{V\'[\,v?\r\lYN)eb\?n{jT].Ÿ\g\G\8K\QBvؕ\7@މ5}\,D-a\Fg\'ďI\\qr\Z\'1\Z\Q,\\>\Ph֒\=H?[b\,V]N\6\\4q|Pb\\PK4pP/!\u	\ tس|O,^\\S\l<V\};\D`\<մwn])1\9\ZDX	\M@8QO)jiD\X,Ũf\nmRW\'a8Δ\(\h:2;\Br8\k~*VD\An\]\\Z\*IlQs\AFO\Tz\0\"\"7\'\sqpSNEb\}Q6I(bfRΌ\RBzyuh\\\&\>\V	O\\l\Ԩn>o\\$1\)\\\ϒZ\\3\\\:\ܡt|\^9?\@\+\Z\\\s~\N\[/\v\ǚ(\[\}Gm\|&Ɣc\n\\\.\\&\ZJ\Zњ˕\D	i\Uqk6?0r_UEړI8\\'\Z\\ʾ0/^]\Z5\FhJqTqR\ZG\nZfaM,} <\y/\0oЈN&>\a\P`HD\0J+\Z\.\\F\]\\\eѰ j]RQ\\m/v(Z \\6\\Q	-\V\\q\\5}2\6)3GZ)\'[v7Z2\=ڴ\n*{\c-/\^H:\(\\\\v\d˅\ՠ%\T{?N\>k\\P\r\\Q:3\5?\_t\'\\(\@\\%U˄\Zf{:\\0\5-J!nv}3\rX)\2QR\/\Y\]Ԓp\p5	\CxqAc\G\\\{\\;t\n5]/\eUM \"Y=X\\r1|hm.\ISs\$P\FX3éH+<\4dRͫ7\0<z\\h@X\\7\E)i\\5;#?Ug~ʓBS%(o\ƈ,\\h&\]\i45AI\e\/Rb\z3 <rJ\ɵuz=m\ =AC\iF\quޤV&O\+\\ڐH?dܞ\'`\GC\U\\$`\\@\\&\5C8\YhЄ9\ֈv\\I!\6\\E$/Ca\;\Z\	!\/\P\RĘ;+Pa\,%\Ҧ\3FsC\#	Dnl@|-)\p\\ج\@\0P\v\v$exp\\sn[V\\x\\Sm%Xw&H+r\\kG\\U%UѾ&,\\EʜQ,0Տ$B[\r$ڄ\W`\ܓ%E(=\n4\0%wxYvw+1i\\.璝\"=\:O\)\ŏfN F/\\\\.Щ,\l<\U\\=(\0Ђt\Z-\@\K\\0\\\`\\yi\&s\1\Pd-\ Ɣ \"+\t\Jz\\\*\\\ZIr\	\+U\xm詿\9n\Q\\5\(j\V\\ؠ1?}Ri;)*3.ٰͪA\ZH\C(z\\\\I,h\\D\G)	V}1ZI@19\ri\#\':\\\\,u\\ʻ@\t>\,@\*\5\#\0\\-\x\U7\yzI%`\\liZ)\7հQXBv\\W:W+V``EYg]բ@\zGIHެᨽ52~uHK\\*7@VD:\N\X\ -hճe,\\"ݨ2ҞDa3LbCN\ T1HHKR35\n\KwR(B\r\8RkC{ү\r\0\Y ǚMӹPAK\\0\I\^w3p_+N\r92\\XP`a@k˘\]S\qVg\*ݕ\cek{\\U\0`\0@8PV7rE\UpP+G.\"Jxu]i)87x],9P@6FEHD&\QQ\N@\yS\Z⢓^\"\OY\2\* 	=\Tʍ,MC\0e\q\vXfzu!\Zy\\ڑQ\@\$\4ɬpr}rBt>awH$\\1&3eszg\'\2\\hz\"h,\Wur\Lʭ\zc\\*>v\\\P5\h\@\[\Y\\%\nU\nM T]\*١\'u$=\"6.ֲZg_E\)&\\\r\X@⅄اԄIoੇyc4H&2Dֆ[0|rqW`=\\Z\\\vJ\J}\5(\0M_R=\^N\PVa`}i}\6|T\\Xlz\خ._R~\[Rs̸\ \D\0oHV]UtfcU.1e2R]q\S\)\cz\\ը\\\\D\Ml\s@\0`\\Mi\oR\бM?UwɊ6\njl[Ӱ\ޑIu$\r	#\⦓\}-\Ŋ5_\J\\Эj	x\\5\m\zg\f)4.@\\\\\0XTXh=\VX\~|m\^\k5<N\\Ґ(e\*e\\\{EHʰ\yy6\\\\*҉`.\2g\)=ÃO4\\C\&9tVX\<?zWz\hYqg\K%սd։S~\r\+\TCTޣQ=AS5\+\=L\\3\T\\\\ޑda\P._R\\Q3lGB1X_QF{V\\q\V`K\ޞE{\hNS\(œ?GD7YLن\n#C~cP@\Z}F\&cCh*\\;4H\e\\N$\O.Ҟ	\'*\'YsUen\ֵ\\WP	LvwR6.T$Ɂ~Z\;\$+C/j\' eإ\̳X<ln\ћ77\AСwj\}i*0ĝ˾\\n\u\\Z	\Zy~D7Ҵ\\z\\ku\L,m4)ms^\wxhJ<RMb\\`$B\|֟U=\4YY\.\\<m~YK\\01A}t\-=>:\:>*u\n]#W\0?4\\PHΝ\f\\f:\r\2}	-Ptx\7pp6\\RX*&\Ov3ԥmyEv)s\lq`\W\Y\fE\lTAxv,K)[\S14\\Z\'	\75>eڭ%Oj05\Ӛ\Sw\ГI\"D\+菪\(no\d\5\r>\h٨Q@aF~\hֹs).ũ\\:bo?F,1[\ڱ0\iӀ@\Z\aQ\Nq\0ن%ˢ\Ԏ\}4x^zf!S\x>+6A(]\gcW(\0X6\nPIbH1\dE\7ocȂ{\ѽ/:/E\I?\rX\o2\0*\h\'\h{\uS`떹iJ\r\סz\.\*l\\f4>޻_\\8\0cA\J\T\Q\\НÞH;ÍZ#[(,\\0`^\nTތ\r\G$V\a\S4\C`X\\@\V\)5m\J^\`* \hx\^G\k-3x\\295kPEDs\r6Ш2x_2\D\l|\`\\ޖ	\w\Z\\$૱Od>ZLz4P7QG&z8<]Nv	9$Z\RT\\[\u՘?l\UNԌ;` \R-r4\\rZ`$\-\bkGDyu\R\A5T߳\J\0G\S2#h\2T>ԋ8p\\\Mh\\\	F	\2jrP\cʆ:r\3PIz<\*61Ɉ\\ (x*F(0n9\\\\*\V\ޱ\]ъ\n\q_Hlc\vL\E2iDݨT\\VR_kz!=(ag;]h\h=*\3i\	YpPvh:qڜJ0!3R,%\h\\0lxwRpl>F3S!.6L\8\c24ء-f\\{:Љ>\zԷ<b[\'	EOSbkRmڑS@3\c-Q{\\\h`	%j\0Fs@u\\0i/UE\0\0bd{\L	a\\\\\Z:ס\w*,\(XH\\Z6+\T\\墀²k\Ճ`\5\E\[3\0y%\=huDq[\)NLR\\"ϖ\\Bc\'hJ\[\\nevx\\f5$\J^\iGʘ3jT,\A.L\/B\\9\;Rp\\=1Lʉ\\0`ڢs\(kDRf-\0\\Ͱ06\'֦7\z5X^!E\O\\K\D\Tnyu+KS$M\_\\\y\W\r\\D\Z\)<yZ\N*\'w~\#F`)Q\2CZXY^Y\&\n\\׎0w/Wߐ	k@Fґ2\]E/%\"\RR[\ \\n̟\\@\0Eڮ;3\'f>! N^\\\0U\z\\xc\n\3iy\\5$,*\3Z\0\n?V\\87u`B^`f\\p\\\\\J\\#Sճ#G茸(\L_j\':\HQ\\rNt\{\VV\\zÅ桃\\\K9Ӎ\oV~\'h2sx8OZ)i ]\\rT\Ń\(\W.D\^\\Jc;_Ъc5\H\,\\n\^\ʀ\ZSғ%\Calt\\t]1\\@,\\?iԡ\\\\V7nP4H^D\ PY?4\0v\\\ih\y@\{\RV\7BeDF{\FJB7\/O9\;b87M\Z\\q\C\pخ:6\\꽨\\D\\	*M\\\T\9\`\JCۣg\\\"\\nuFvlQ~\x%\\}m56cC\09__b\X\\\*fx\P92	\0B\\YX-)\P\Tɛs ET~cu=6MdZ\>&S\n\\rW0W\5z\n`=To@[K\/OL)P~528@`*	F\0\Z<dO \(\JoEb	i٩qϢ\\{\\/ri{/Vl\K\ڀ]ܭH;яjTFHC@w*\n\R\{۷\(%$\"ȸ/^\cL\"J\\-%k54&0^cVd:.Ӯ\S1\\+e\r\\\\q.\y&U.v&U;\rȱ\\~\GNk\\\_vQ(Jܞ\\Z9\׳VB\0\\w\\DƿDTZnp\\F\9\P{@f&\\\\[Q `\V\}7\8ɦ\F\j\xt9ieb%Y]\4bq9ح)}[\zÍ\0Ϣ\nDFC\\^j<ԉF\\D0Ѷ;=$=)g\׸z\\Y\8ȹ]ڊ\Y\\B܇WzF\e6F!\\"\+i\nm6\;\%-\\\ECpVMm{\02\V7\\\%\\^_\=	J\m(F\;\"!i.,(o\E{%0$́\\jvMȹ/b_1o>J\66DpwPDmJ\\q>I\r\FTjeT$\֧tK6,}#W\\Z2~ZOE#\Rצ_.\'c?­\0,	M{͓Q74R80Q.\D(@\X\\rg}ڎ$\"DwT\$-ن\\\ŝPhI\b]6#Ӧ;A{S,l\"M\rVd(\~=u:\HFܵ;vRxTK*Sbjw\\t	\C\\\jg\x\"n]C.\g]9S*\-\\\}\Nd\\Xi\.N\_;\\l\\\KW\n\MW\\\t(`I5L\A7&\$;^RO\0\\C&j^|QAL\ؚIj4HGuuҀ\\t\gJ>\"DH\IP-xv\\"\~h\\s%\Ew>q\@o)\,y\]8e-\\Jvۧ4pU\5V\M\\\ݭ\0\>T0\zcޞ/愞\\(B6Mh\Z\0&ߴT]\Zsu[|\@\;H\k\fv\'\"n\m\\\07\\Qlv\\@*\rHOZU\\\e0`\2{\A7cO\n\&50!C8<_lN}\0>h\\Q\\0XAQ\n\)Z\ET\r\=Z\'*\0 @Xx\ƴ$fzJ\H\]\-A\\Dn\\$GeJJ%\Z4Tlp= \0\5(VBWO\(dvwH$\[\\;ԉʵd\)]\M$\\Z+ܠ\񬨁]up\мq^ʐS$҃p6}+];2gp~+Zӗ\0-&{ԧp,1AիqA뻇4\@\\\Y$XUB=Ͱ\Bt(hM	.\D4٤VRO\\{t-\gN\\\\{4(g=WkFy\֕$\\`J\Mھ҄f@7&;\F^B\	-\0?0\0X5\"\;b\g3%\ɏ=iy\T(\q9eʱ\QY\濢H\k\B%_\\(\\%^+\\\A,\0ݟ\рX$dy)\_#Q\lp\Vk\\\Ov\G;ί5\}!)\#O\n}\Ϛh\~\j+jR\n\\\\\r\\1\Mx-;ot\*ج;7\'5\K\"	XoKH`o7\qGeH#X\rqJ[^]6*O1\E4\>\{\JU\VG\`\\SШ\@Bw\G&\rwBEX\0\r`[\J`\"@{t1( \BQBċQyDo@\rY\:}2B#\H\\ڮ7{(\+\\\nSa0Hr5P΃IEݣyh\\$\D<\":\N~JSajKvȪ\\+\'I_҉\+U4gT\)\'B	s3\Q\₣,\+6Z\0\G\\\\\be^LbN\AlZׅ[{x9x*wR_6\2#\H@t=Sփ\b]\\̇C/[f+٫~\ڋ\\08E#{\$\Sb\\≼IRwv87u\\0O\\H\Jl\\V\ұ8\L+\V\1ڂ xB\ I7Sa\m\n_\ٛ\\]\Z\\@A\SV\\0]E\S 44NSx\~\\\AƆ\ %\֨=8.6ބZ+\\π\\Ғz%~Py\)\`]<\\-E7cEW`Sʵ{X[NO\OjDl!PtBL	=بW\]{\Rr\\\5@8&\\+w\:`|q}4\\\Xd;J4U(\"-6x\sWcV=yv\uK;Za⇻\\\rjǪQq)\\S>B\n\SݱvZvki*\\).[f[\1\\g\\♁Oʳz\\ݍ\F\n_^x!\64_\y;HM8\\s@%\jUg鉲H\ވ%&M&$A\M\ nd\61>k)\S\~\\4\&\Ѡڜ)\Ezԧ\]3\@cǙRʻӧ?j6Ou&\i	ޞŶ\"^n\\0 @`0\ZVv\`wNKCDv/n\b\qԣu\ZzTBN^z׷(\*\4\0ӛk]\&\=isz\\\5_@\0  H\o#_V\\{\"`0=X=ێw\r\9f:qy3HJ\ZieK`\o\\H@u]\FՈC\;-9悤D0sP,PQ@\K\($4*\\rǦCu\AIࡄ \ZjvT~xiټ5\Z\\Y\0kBΕgYKހYM\\\\0\	>ќNs@\\7_F/hqgb*%\0QܾT}ECK\hX\\~j\wtcW>\\PE=JesK=\"6\/o\\)\r=յSf,д\\X:\\n\.\0kCGx.\n{<\ɷä\ثmBsDu\TE?\\O\\8f@f\5*7\\Cb\G&\\rM4nS\\x&=\\5\ngS6\r\\Zk\(\0\䨄\rEr(w\\a\B\n\\Zd\/\c܋\}oix\\0\\ޡ0i~\0X6,#4>5k\"\z?5\\'lOz>3ܽv=\]%\\t\X\\{\v8c\h`\̐:\n\Hi\\uPH`ut\nb$Y\X˂ǳ\J\m*e<\\\\u\0\x\!\.e`\PP)$`\-\ZpXK0\s\v\\_Vh\'\I\\)F~ԭ5&*\T&Un.a3BB)\0`X\I\7>ZBoɢjSE_ml\d*\ɟj\ҝ(Q?	\\GT\S_ZB\\-P\\ZL2|\Ywޱ}\\'\}N\\0<1\\F\v7v{S,AB\=\R鶛\@Z\0\%9\7@Y?\=Z\\iOp\+K\Zx͗UҞ?u\s\\\\w2*BSЌ9q\0+ij3\\E5\ԉ)m\+/\QV\o\\HKO08tt߃mΛ-.\k\\\r\|uL+VA\\Ga\\;Z\\һ,	B^Q\Q/\Cr@ܨ\6\\[\\\\JJ@.A)VY\10*}ϵ># >V\noR\ĢI^ir)>],\sPȢ\)Rc\)ev:~)\,,-F@1X*4Zaa)_\v/Kq/+\@\x#Q\0moO\F;MXڥ\B\\r\\Z\nkś\&\DB֯F\(\qJԣ\PJ\ZU\w\\)${WEf_\h\\)\8uړN_\V>+V-\b(\L&\9j\AzqSH7\z%nGW+\\M\nH赃K<.#RfF\,rg\n\?ڻIЛ\0oWpe\=h\\X\d\S\rԸw\\O\-PsNz.\ɵjIũobgJe\Q8\\o\}壖GӴ\0Ɵ\'G\\|V\qF9\N!>\5l\^J\\\f\n\^\\(QC\K\\婃V߁-\\nс\z\1`WM\\5e.wE;K\[ƎZE\~\*maIuJ9rbh㩓\nZmp\7\L6$\WI\0jX9){B&u\iR\pTW[lbƁ9Rg\.\\"\@{%	\cNmUvA.\ݼ\p\Z*$A21:t\zrePjȜI\p\%\"Gz7\z~+\_BpӞɏ\\\=\#٨6W4\sC\<\ExyQ\\"v|(\\">\'s\hH_\0A<Q卞(NJ\e|\0G\\\ާV2堰ۓu\"z4ǈu\fI i]\\B^6\~hA5\0XkնȽ\օQbAt+\T9\\ZOڠ6&\n%&\/\h\tsMd	CSc\\ZCX\\-\d\\RlM44V=j~\lX~5\|fc^QY=UH\GrV4 ;gdJf\R=d5mR\	j՗U\R.FOj(&夺\b;54\\9z!PeJ`(%\\z\f\\Ŝ\rB{Kɕh\b2o\j%\-\@s/A(=hfq,@\_\\)\,iVHF!T3A\\n\\\vս\\8\h\۵w\=>e$\]\d\Yni(R,@{f5\Z\Zt\Z\ԛ׉q\9\0@|}\"Ip\\*\Co\kEpհ\Z_\GC#ڴ\0vX~\n\R\?\e\\PmN\ACDo(.4#gf\/7oW$zCY#\洜ˉ\h|\'MMI5_\F\	=q_\*p75\M9`\m\nҬ\ng,ͮyjJs7C 2^R(\B6F@&3|T;(鯥A]\4sD\Y*Q87Ð\*evrPp[mO52l;鼨U8~+L\«\Lo\\#p\r[\\Wztr	#-l{n)NGB\[1\d%\\n\B~\\Z\u\\(b\P\\ZoY␍D\\I9h[X$\0㙷54\u+\w\Zӈ#\\\0P:\LN\KDٻcWo\0\\iAb`\\}|\Z?TdK\\\\taPI\"mO\]hUqJ	!\3@aQ -\Qy\Z/,\ qE\L Sd\0^e?mIW\\@;\\c\1Xr9U1\\f_\5\\e3ڝ\\0X@H\,h0\n!$\0S(&\ю)J2\'\d \\n2ʧaU\LN#\\nl\r12ڀ:XfO<n{Бt\>\\Z\\0\Ļ[\B=d=M=\\Η/\ W.\W8 \]AIw}i|Qwm\,PZv(ϥ\r\Xĸ	k\E\\HEvԤcB\H\\\ڢ`\ݭv\c[\N%6\2iD\Ôy\ب~(\Ϭt\VWQ\u:Ll\̯»&KF\Ͷ+\ӛoQ\9(\m\\`\R3{P\'\\rVU\%\&\\y\\"vR\=9)(?r\|\n\0\n\n\⡅\Vbh,m\5&\rFK[P&\\FݳY\<\қ<\Si;\)\>\r\"\r\eJ\\\\,F\rGv*\ZN{S *v\0bE\w\@sP\5`i-\[\\bQ\JG\\i6O%v,\n5އl6(\v#K5\\ěn\9QO,\1qB$L;\Z^\P	a;l\l\r\e\V\禒G֦n*M\\\H=	2V\\6\S\/\0Pc\p\TeM\3\SY6)dBiԘ3򴫖\$\6\D\ZJ\)`K\ԭsKk!ZӠz!3\h^\'\e\n+\\4r^1h`\'0^Jaǖ\0,\wG:\wРuʻTN*pwP܇\\"\Mi\\\jwލ\\!$\gh\>\0Nv?lX\Hx\d\ZT򿶠s\\\\zʽN\\"X=wd\c-+\>F%ę3ùLJ\\+bM>AJG-\\\\'Wҝ)Vr,\M\jjhrV%݀\JXb\\O\S\\7hp\(gI\\q仌A-_\\{\]\H\ZP\nJ\R9rXhv\S\sڡb-\\rP\|\4\\n3@\'UJ Dz\0қ6\\\?j\H=эv\%cy1zM0g~CN\\\k\\S\\Fv!M\K(dlT\G,l\e,\wb\sQ\0ˣ\\B}\H\J\=s\\uo\0MMLTf-壘\r6<\Ѕo9\'\Z <ư[Ҡڅ0e\|\ؖisq:L:^\&aCfȡl6\\J\\5	\gn\\%g?F ;CH&1ޱ,h\\AJ1<~+;\r\F\\H!4\./JZd\6\\rݧJ4dYF<\I]\\z\\xu(\"%Ņ\"A(K.>\%/PD\QE1A*$N~*@vڐ\Z%^\ζ$:q!\0:f\"%k\E1lDfCAG6C=}\,\|\]KA\Z\0\\!\+\"\\j\Gz\.B\0&\MA@\r\ơ\ȕ7\,W\Q!\\ަu\\0)E\\i \,\4keA-)\K\]+o\rG\Q\\;~\Y[\=$MC6p:\Z6k<?Ds\0\\6_\h0L:c\'c_Ba\Y6U\nErh\-\X7Q\عQU\\rU3PCw4Ue\wW-\H\\DT\\0\\^\4D\\nT\\|VRF\n+YYdD\\Z2C1.]e@Q،<\\5\*!I`\0?5.\0ڔF\!掃j\\55hP{\GR9R֘pމ(\%#{\\_M\jS$BuP\0\P\\0ۡ\ry1ݵ!Rr\0E\"&R0Dg\0_¥}\\\\Z\n)%Ԛ\\4>FN\\<\\ǴO,y]?zygds][V(\04\2c\\\\\"^뚔,J[B\V%1v\"}j8n\j2sG#(NoW(J\Е\!>64\0\"qJ;\Z#\4uiz!^(#V@(\b\fZq%[GRX5r\3?5*7^6n݂\\wo\楝$D \X\Zý\003<\#8a\E\z*}h\Zu4jzc\`\r\Z	&Ep\Z!,\\QQ\;qS~\ZY+zb,Xq\\\\"ר\n[Z\\\h\ą?M\\Խ	f֤\\	#Xx\@`#ҎT\O\\0{r\\\"\!,\"\\ii-9[\濚;#ZG @a\A\\;\j4\n9#흩\rv}RŽM\];mQ\\;f8\\Sev(>)\}-%\'JU\I\o#8\h<u#ڦ\\ TJź\0E1E\Z<\\E\\S\\v\<]oD-ڂO\-;)!n\YUWu\b\$\iQ@Ӏ!\\r\\"ڝ\\ʃ%d}\@\`12|T\Ԏj2~:k:\Z\Ӈ\TKA\TXjAiOKj\ ݂\\Fw\X6n=Y4+\)z.\rhm\N\EbۻQUٵ@\hw6(സ.izv\ݨ#\8\W.\tD]Ч\N\\j\3e\j&\Z%&3\1M\\\\\\n\0\0Z>\gC= kcߕߧ 5\"6SzħQ\1\7\FB\YC\n!Օ\5LԴ/j74A--3PD)譱@ƴ\9߲\0\Z\rQ@\0,WE9g\\ZVMe\\cX*\"\ZeORڗNX3v~K;sXDBv[z*J.,\0Fm/\\r6w}=꟧&\hfBICRڥRkC\r\\JF\t\jj\"\Y\X\\\Zb\J\\\\ՠtp\\E8M%A_k\0\xu/N-û\\G7.njI;S\E x\nLl(Gzj\]Ry573\(\=\\0\h~Tp0\0\\\;3Ce2@;{I\\:U_\^\ֹ=!ҥ\e\Z|+\\2_\V^)fA\@a\\\\\vd\r\Yo1\[sb\0 :@弆Y8T^\i\(\ \j̶*\<}k6\͡cH:+!y7uآ@P[JʷU\i\Ugv\0 0}\\u\\&\U\\Ƶo0i^W5x\\\0\pؤ\O\WK[jUߠ{\Z\\\\7 *\Fi˞\J\h1@Te@c]_A\Z\\P\0\;SzK\\\r\r4d\˔\Wj|Sse0?5d:PuTSL\\\\vZ\,y\nZ[\r\h2k}5	a\*\0\\vK%؛\A\d,\0)^)PiE\\7\\*w\y\1D9\\rgla\A#\O1P-^\ܲx\\Bwh\y`<⮠`.\zͲ\߸P\\e҄\/8\\nj\\VF\\@\0\4\ZF~gڠe/]oБm\-\H\\PAI\\\]\\F\\4Pvn\\\\\5|\\pXnFԹޜV\r]f*l\"q\0һ0\g\r ߇8~h\BڪX*\"-;/VmRJ,u)K0>bd!aꠉ\'\rXT]\\\B͎T\0#$\PI۪\l\fJ6U	cVը6\\\\0\n\g>\c+`\^6*\Djߋjv	`;ߥ\\\Ӣl./u2\އY6c\AP\Z}\\f\Zy^	_aѤ\W;\_^+\.e\\VP0$켫k:}m\\@\w\ʜd5\44a$&r\F:\dò\-m\\\\-\Z\\Ew.>\\\"\0S;\CL\IEl\U\\BNH\qjuа\娡G/KW\)h\\%֋\\n\<\T\?\\\&dK޷_űP\mB6έ2W\e&x7\n\C\Z.B\^\\)(-NBr)\}\\Nut7\}R\Җ4)\\[)$	;kv\4/\JwzP@\Ԩƅ	0arׂ\+W\\&uHa\-^]\nrx^Zh\\a\Z&9=/@\%?\OQ#\\\<\\'L\0]_7,nb#\\ri\\Aӵ*\\\rhq꾐U}\n\,\\\1F,\\Jo\}\Z3|R\\ \rv\f\"\QIY\.ǣf:4\J!\k\r.\NuXNZG\`+\MD\_\\5~\_c\\cޗW<Q]t%ڒ)\\g\\0\0\0@;Vء\\.f\6(M8.\(`\\\\\J+ o\T_y\s!@v\n\f~sY\y\!H\Z;U1;NIf2%³\RuM\\zTum\D)AZY\\+\A[\)R\\G\x\	v*\mC\\iO:T\0:;\\˖\0\i܈qK4\0n\*?\jxpOWޔ6\4Ws}\VKvqy\H1!\\\\,wVxFVƕ@9\0+\N̔y	m\Z\7f[Y@\0 v>\\\\E\C_\\ 	Oz\r(\?6\\0\ZB\\K\{E]ڋl\\A\<\\Kj\ݬ24y:ҡ6k%\t\ڒ(%ӻ \HطZP\0,l\Z3\:cץ,\5\4`Tdl\\\\r˕s=1\ \vU\/VkFl\\.\\\\R#c\\9\,-V\Ն.UK4C\r.\\\x+vuUwh׸j\ZP7\Z8$n;aY\\[QI\#7DnP7\6}_L\\EZ\V\dpv>)\\ \\mK}M\\5\'A\\\0hS-+\\\\\Zo<~Gz55c?X\'+~)\0!vm`.Ip\\\AoFƹ\aqPȈ\'BRl|ޔY\AOr۬B\۾7\`LiУ\\"	ҨGYX\0\a٨҃M=舉\z0_\ꊛF+X	j\j\L4@Z^\\`TEuFpnթŌvC\ߊky\Z\ZGH \'\[S\TM\U\\E;vv6\'o柖y:N)Js>4B[^\!\Z\z\\8|P\o\BL\~~݃\ւ1de4\k7u޿\=Vth\\DQȣ\\\|O\nK\+/%W\٪wPJ@\\0\qW;\j@~֣/Ghn\UJY{֕b\|ÚVI*q\m\Z\N\\\0𠘘8)utk\5ĻT\;ޜ\0\Z{\χ\\\'nTq\b2(\\\ſ?Py$\\Zܯ\Z޺e\1_e:k!#XYcZ%`5\zm\\t\\\:\n#\k\j5ǲ\x*\	mj$\``\⌦\\u<1\Ex\X+9j/<U\09_\L\X\\\\\ZiDN}n\\%8?N4*IR<KV77/ۼoTTVo-՟b\\`\J+ێ\2J,\bHðU\{]\zD\\&\\F\\0W޲	rom6@\1\\0rHthd\{I\\n1Q\Z|4\W2\݊\rZi)\0%ZSiPUcS\nw\\\h\EӁu[C\\"\3\\\4	\0~\ZOr67(\X3HR~\\\$ ?XÕh\\#\(TX\2*j\L1f6c\Z\Dmi r\\_\Jlb<sM\n\OJ<o}ڕ\p4`}_mP\2\4:t+VFIf0S\얋\w0h5ZvUF)9r7; g#M\nO\*,L\pgҝXdnRm׽X\B\:^2Y\B;\\\z\\r\c+Ld\r\\ׯL\w֢;S+A~F\\>y\\\E%\v\r8b\ZB\\Z	\;\,J!\ۤ*+\\y@[z;S+\n%b\h\n\TkLrj=8\Q־[\?J\DEn~\\ZˇքE`\Z;kA㪋x\R7,bl;tDƴ,w.sqы\\ޣ|oO\'͍U \@+*\\Wt\;]WvkS­Y\-\f\f)\2\\\'\)\\%P`\/M\7r\\0j$\MY\?<\nN\\\mQtuq\fn 7tfH\\\\\\Xd_\ҟ:e\m\l\Ӣ\镕v<iDFUĊ,J\+s\Y~)A&^]Xٗթ2\.RhrE`\\"72\܇\\r<+\Z!`Pc$\*7FI{*رvZÛuK<]E	e?-\G\0Ϭ\Yꐡeb\"q\\􅩐CT\>\n\ԪY,\ۻD\\Rl[ڔ9Ss]Z`).UK\\g!u\)$2\㊓\4\KG+y	<Љ`{:\n>\\\Ɉ^/ʭ>;\'p:K6T\))H\)8\,~\2FaH8Ԥh\j\efcؿ\\0Tek^.\l\\\i{\\c.\n`[uݻ\S\/@\\w\D3\\9^\\\h>Z\\\Rbs^=#\O5`&\?0]\\qC5 d\><KG0PIC\\t\\G\\\[Z]2\3=\\ÃU;<DEK6{\M\\h]W\^\g\\Ov\vAEOf\\C&\\\\\d~#\0)4\\gT7){۴`N(.\+<k\\?\Ҁ\7TL1CRiВD4P\\MmzsA\\n0-NAm&2.\ڇ@\0@`b(\\j\\oC\fC\"㽪`EJ\FǭOoi\QܬŁ\\\AM6\\ghP\\(%!l;/\n\wU4\ k\H\Gډnw?tIh;mnՐt;\\Iu]rڅ\0`	MPYK$VZ`gEFcI\nzC\\l\g	\wrF\Ң:[.\\\'\\\u2\[\\\Y9~Zvnd\@-4S\"_qbri[bv/P\\E\nHs\kTf6v \W\G\Or;MaUEiƮ\OTvmFpQ5\\7.\$[Y_Y\P\0-/+%MXm\\\&\\i3\J\r`\t7D\\oPc\?\\{=?@\V-&\\rWJm\q\@DRzXȁ?\\;J!nx\O44&ִ-6\'Ck\\X2\\n\\\10S\zpU5ʸ($)yAir7N/#\*\\*\\\rj\jbZ^SA\\Z\\ZREE\sVA4@(\0%VR\V\i\\ɱ`\C˕Rv\ӒŅw\rFm}ŁA\\0}e{p@\r#\V+ޥL\\<p\Z.w\\\Z\\*\\+:9ͻT\_D-\0M\G)vKO\\LMYVWh,\ҍԑ@ `\"B\\j8\~\nVL}C!{SLq}\\nA.ev~hئ߭^\\nXbT\3S#\\=Mͪ+Ag.1E*Czݝo\rBP\~+7\)RIS]\Qe\ԧ&F:[Ы\"Z2\֦UJ\sCCGBdu\\`<<q@/\\-@[\0\\PB\O}\[jp*&\հ\\r[z5f\܊lp\n\}z?@\ЙiC\iNXۻZb\5͹\0T\\r\\0D&F0A\"\i8\0\\\W|a\0d\\\E$n\d׳҂\j\nh\l\n\Z%B\EM\ u\D_cju?-ū\nP\esl\\\GʿK=xȍ/.c;a{\\'\^#\\Z[ag}n\T\"sk\E\\m]WW_\"8D|ս֏n\J?\q\GI0d:\\'zpk]\LH(\\r\rh\\\c2\\y\Tr]y#s} \\Te╓\r˧`\N\\\'Cm86*\\0-b\\n]b\Zv	\j.2G\r3O)Ct\0c5w\\,\\=rL\rRV\7+[ᎨGQ\C\0/hbѶ\a\~Ju]\"\f\ZVV\u[\\\\\5\\\\RV\׵\0\\P|Y}\f*\\\9犔b*\\)d\>\Weg#\KE\224(Js#\oTh0>~HޭXP_\z\\I\$\Bփ\rr\GALiMυHw\'\Txф8E].@̽`\Z;~T\\@]W\\ZՍ%2\\+Zi1U$G\ Ǳ\	Sf*	$h\0hP\ \Pm\!v`\|\4\0\\Qi܈ԃɖ^`)\|-\\o\1\Q\YC\Q8 6T\eJ\\nmff\Yز\cŴ-V\.\5^Sn̼Z8XK\0\Z\ZM\\f\MAj\zU\\!К]\\"\)pZCލ\w\\\Z2\+ջi\}t\"\"\%Ez8g`\0\E\G\Zޅ\Wk7]wQ=&4[w)甞YtX\\зv\:Q\P\V\"B\r\\H\\\sR\05M5<$\0]k\mF\\H\n\4t\viFp\\9\d-`7c	\ےn`]7[\C\?\nJ\\s։\ڱۇD*V\2`.҇\n[ftD3V*\\\\\anH(W^8@\c\V\y`ht\r\\.\nn|P\\ui(\n@\M#6E6(7\r\'X \\@\)o\8kG\\n@(GɟΨ\0`\r*L0EX \.\\.BI\s%\\:RzK\\O\0\lµ5\f\\\0\"\0}\uyYv2B\V8lf/\`<@\Keuf\Z\Z\Z(Qp֞\0sU\\\7	j\ake|\nb\TFȒ&ץv\\K6;\ĦN\MY\I\ݣ\\\"\M\r\W\'z\\nP0\\R#xړ\B˻\C\\r>\B\Hڟ9N\\\o:>@Cn\̯R#TPhh8cf\\Ijqox*4\1\n\hh}^cKY7\\\ZXbS43i\*\{qnwJ08Ӄ(\0\0._IR\E\ck{w$\Kܯ\qn^\2\.\nAy\RVǽ\\\B43E\n\r\r\\'s\Sc9(؂\0*\\t\\}\nҁK\(\.W]@\0X\nD\;,\=c\\pq\4T #?r⤞KS\\\ew\\\R_\>\r(t3O\;C!\Ѿ\Z9 \\\x	\n\l	qⱆWب8\떍cة\0\\z˪\\A $\\I\8\i\\\-\\0I/\Z\Z\Z\Z\#\?tAٿ56z\zY\0\A\(\\\\-\G\Pk$9\Xʹ]\E6\nw@\\\n(? v!y79|\4\\)\\s\\{)ܢ-CCE\\\7\W+zI\+=}\0\~\\5A\\1J`\\\nޠ\m\\0\Z0w^\\0\iVnۈGDG4&j\-\#ޡl&tp\*5a^\\Ĳn\\SZƅ\Q\L\\\\0~\BĦ>\C,Нܐ\0\T\"Gn\0%-O\n\0\zD\\\@F\J\\v9F~w,j[G\0\\])l?+$Õ\@\0\0\0a.}lڈC[\o\\Y\0\8:\[(iY]-\\A-{+!\lU+]\\\\U`pu\Z\+\'Ac+_q19\ww\VL\Fo\*\EY/\\,/lr҈j0v0C-\\}3\n&M\K\k\0	o\Gt\{\)ٟ$H6Eh5̯\\0>\\\\\\P]\Z\QÏ\ \\Z}l\ZI\B\00X>*(?/ꚴThm\H\\TIzC\[*(\n\Wam\2T\\0\D\T^\@^wO?]t`uV&\]@\0\Z\0}\\\y\\7W\0\+NkSlP\tq=\~\E\ڒ3 \K\֠\0\r{F(9Vv\"v\?{\ \C>$\0`\',0);
/*!40000 ALTER TABLE `movies` ENABLE KEYS */;
UNLOCK TABLES;

--
-- Table structure for table `price_master`
--

DROP TABLE IF EXISTS `price_master`;
/*!40101 SET @saved_cs_client     = @@character_set_client */;
/*!50503 SET character_set_client = utf8mb4 */;
CREATE TABLE `price_master` (
  `price_id` int NOT NULL AUTO_INCREMENT,
  `tid` int NOT NULL,
  `cat_id` int NOT NULL,
  `price` int NOT NULL,
  PRIMARY KEY (`price_id`),
  KEY `acasdsads_idx` (`tid`),
  KEY `sdasdasdsad_idx` (`cat_id`),
  CONSTRAINT `catid7362` FOREIGN KEY (`cat_id`) REFERENCES `seat_categories` (`cat_id`),
  CONSTRAINT `tid2243` FOREIGN KEY (`tid`) REFERENCES `theater` (`tid`)
) ENGINE=InnoDB AUTO_INCREMENT=22 DEFAULT CHARSET=utf8mb3;
/*!40101 SET character_set_client = @saved_cs_client */;

--
-- Dumping data for table `price_master`
--

LOCK TABLES `price_master` WRITE;
/*!40000 ALTER TABLE `price_master` DISABLE KEYS */;
INSERT INTO `price_master` VALUES (1,1,1,120),(2,1,2,150),(3,1,3,180),(4,2,1,130),(5,2,2,170),(6,2,3,200),(7,9,1,130),(8,9,2,150),(9,9,3,180),(10,10,1,100),(11,10,2,150),(12,10,3,200),(13,11,1,50),(14,11,2,80),(15,11,3,0),(16,12,1,10),(17,12,2,10),(18,12,3,0),(19,13,1,111),(20,13,2,111),(21,13,3,111);
/*!40000 ALTER TABLE `price_master` ENABLE KEYS */;
UNLOCK TABLES;

--
-- Table structure for table `screen_cat_seat_allocation`
--

DROP TABLE IF EXISTS `screen_cat_seat_allocation`;
/*!40101 SET @saved_cs_client     = @@character_set_client */;
/*!50503 SET character_set_client = utf8mb4 */;
CREATE TABLE `screen_cat_seat_allocation` (
  `dummy_scsa_id` int NOT NULL AUTO_INCREMENT,
  `scnid` int NOT NULL,
  `cat_id` int NOT NULL,
  `seats` int NOT NULL,
  PRIMARY KEY (`dummy_scsa_id`),
  KEY `scnid112_idx` (`scnid`),
  KEY `cat_id122_idx` (`cat_id`),
  CONSTRAINT `cat_id122` FOREIGN KEY (`cat_id`) REFERENCES `seat_categories` (`cat_id`) ON UPDATE CASCADE,
  CONSTRAINT `scnid112` FOREIGN KEY (`scnid`) REFERENCES `screen_master` (`scnid`)
) ENGINE=InnoDB AUTO_INCREMENT=31 DEFAULT CHARSET=utf8mb3;
/*!40101 SET character_set_client = @saved_cs_client */;

--
-- Dumping data for table `screen_cat_seat_allocation`
--

LOCK TABLES `screen_cat_seat_allocation` WRITE;
/*!40000 ALTER TABLE `screen_cat_seat_allocation` DISABLE KEYS */;
INSERT INTO `screen_cat_seat_allocation` VALUES (1,1,1,30),(2,1,2,60),(3,1,3,60),(4,7,1,50),(5,7,2,100),(6,7,3,50),(7,8,1,50),(8,8,2,100),(9,8,3,50),(10,9,1,30),(11,9,2,60),(12,9,3,30),(13,10,1,30),(14,10,2,60),(15,10,3,30),(16,11,1,30),(17,11,2,60),(18,11,3,30),(19,12,1,30),(20,12,2,60),(21,12,3,30),(22,13,1,30),(23,13,2,60),(24,13,3,30),(25,14,1,30),(26,14,2,60),(27,14,3,30),(28,15,1,30),(29,15,2,60),(30,15,3,30);
/*!40000 ALTER TABLE `screen_cat_seat_allocation` ENABLE KEYS */;
UNLOCK TABLES;

--
-- Table structure for table `screen_master`
--

DROP TABLE IF EXISTS `screen_master`;
/*!40101 SET @saved_cs_client     = @@character_set_client */;
/*!50503 SET character_set_client = utf8mb4 */;
CREATE TABLE `screen_master` (
  `scnid` int NOT NULL AUTO_INCREMENT,
  `tid` int NOT NULL,
  `screen_no` int NOT NULL,
  PRIMARY KEY (`scnid`),
  KEY `tid24_idx` (`tid`),
  CONSTRAINT `tid24` FOREIGN KEY (`tid`) REFERENCES `theater` (`tid`) ON UPDATE CASCADE
) ENGINE=InnoDB AUTO_INCREMENT=16 DEFAULT CHARSET=utf8mb3;
/*!40101 SET character_set_client = @saved_cs_client */;

--
-- Dumping data for table `screen_master`
--

LOCK TABLES `screen_master` WRITE;
/*!40000 ALTER TABLE `screen_master` DISABLE KEYS */;
INSERT INTO `screen_master` VALUES (1,1,1),(2,1,2),(3,2,1),(4,2,2),(5,3,1),(6,7,1),(7,7,2),(8,6,1),(9,10,1),(10,10,2),(11,11,1),(12,11,2),(13,11,3),(14,13,1),(15,13,2);
/*!40000 ALTER TABLE `screen_master` ENABLE KEYS */;
UNLOCK TABLES;

--
-- Table structure for table `screen_seat_capacity`
--

DROP TABLE IF EXISTS `screen_seat_capacity`;
/*!40101 SET @saved_cs_client     = @@character_set_client */;
/*!50503 SET character_set_client = utf8mb4 */;
CREATE TABLE `screen_seat_capacity` (
  `dummy_ssc_id` int NOT NULL AUTO_INCREMENT,
  `scnid` int NOT NULL,
  `total` int NOT NULL,
  `rows_seats` int NOT NULL,
  `columns_seats` int NOT NULL,
  PRIMARY KEY (`dummy_ssc_id`),
  KEY `cascascacasc_idx` (`scnid`),
  CONSTRAINT `cascascacasc` FOREIGN KEY (`scnid`) REFERENCES `screen_master` (`scnid`) ON UPDATE CASCADE
) ENGINE=InnoDB AUTO_INCREMENT=15 DEFAULT CHARSET=utf8mb3;
/*!40101 SET character_set_client = @saved_cs_client */;

--
-- Dumping data for table `screen_seat_capacity`
--

LOCK TABLES `screen_seat_capacity` WRITE;
/*!40000 ALTER TABLE `screen_seat_capacity` DISABLE KEYS */;
INSERT INTO `screen_seat_capacity` VALUES (8,9,120,12,10),(9,10,120,12,10),(10,11,120,12,10),(11,12,120,12,10),(12,13,120,12,10),(13,14,120,12,10),(14,15,120,12,10);
/*!40000 ALTER TABLE `screen_seat_capacity` ENABLE KEYS */;
UNLOCK TABLES;

--
-- Table structure for table `seat_categories`
--

DROP TABLE IF EXISTS `seat_categories`;
/*!40101 SET @saved_cs_client     = @@character_set_client */;
/*!50503 SET character_set_client = utf8mb4 */;
CREATE TABLE `seat_categories` (
  `cat_id` int NOT NULL,
  `category_name` varchar(10) NOT NULL,
  PRIMARY KEY (`cat_id`)
) ENGINE=InnoDB DEFAULT CHARSET=utf8mb3;
/*!40101 SET character_set_client = @saved_cs_client */;

--
-- Dumping data for table `seat_categories`
--

LOCK TABLES `seat_categories` WRITE;
/*!40000 ALTER TABLE `seat_categories` DISABLE KEYS */;
INSERT INTO `seat_categories` VALUES (1,'silver'),(2,'gold'),(3,'platinum');
/*!40000 ALTER TABLE `seat_categories` ENABLE KEYS */;
UNLOCK TABLES;

--
-- Table structure for table `showtime_feedback`
--

DROP TABLE IF EXISTS `showtime_feedback`;
/*!40101 SET @saved_cs_client     = @@character_set_client */;
/*!50503 SET character_set_client = utf8mb4 */;
CREATE TABLE `showtime_feedback` (
  `fid` int NOT NULL AUTO_INCREMENT,
  `cid` int NOT NULL,
  `rating` int NOT NULL,
  `comment` varchar(500) NOT NULL,
  PRIMARY KEY (`fid`),
  KEY `acacxxasxxzc_idx` (`cid`),
  CONSTRAINT `acacxxasxxzc` FOREIGN KEY (`cid`) REFERENCES `customer` (`cid`)
) ENGINE=InnoDB AUTO_INCREMENT=2 DEFAULT CHARSET=utf8mb3;
/*!40101 SET character_set_client = @saved_cs_client */;

--
-- Dumping data for table `showtime_feedback`
--

LOCK TABLES `showtime_feedback` WRITE;
/*!40000 ALTER TABLE `showtime_feedback` DISABLE KEYS */;
INSERT INTO `showtime_feedback` VALUES (1,1,5,'very good approch');
/*!40000 ALTER TABLE `showtime_feedback` ENABLE KEYS */;
UNLOCK TABLES;

--
-- Table structure for table `theater`
--

DROP TABLE IF EXISTS `theater`;
/*!40101 SET @saved_cs_client     = @@character_set_client */;
/*!50503 SET character_set_client = utf8mb4 */;
CREATE TABLE `theater` (
  `tid` int NOT NULL AUTO_INCREMENT,
  `oid` int NOT NULL,
  `cityid` int NOT NULL,
  `tname` varchar(45) NOT NULL,
  `licence` varchar(45) NOT NULL,
  `screens` int NOT NULL,
  PRIMARY KEY (`tid`),
  KEY `cityid_idx` (`cityid`),
  KEY `oid_idx` (`oid`),
  CONSTRAINT `cityid` FOREIGN KEY (`cityid`) REFERENCES `city` (`cityid`) ON UPDATE CASCADE,
  CONSTRAINT `oid` FOREIGN KEY (`oid`) REFERENCES `theater_owner` (`oid`) ON UPDATE CASCADE
) ENGINE=InnoDB AUTO_INCREMENT=14 DEFAULT CHARSET=utf8mb3;
/*!40101 SET character_set_client = @saved_cs_client */;

--
-- Dumping data for table `theater`
--

LOCK TABLES `theater` WRITE;
/*!40000 ALTER TABLE `theater` DISABLE KEYS */;
INSERT INTO `theater` VALUES (1,1,1,'padama','abcd123',2),(2,2,2,'Mukta','xyz1123',1),(3,1,2,'Pride','pqr1232',1),(6,3,1,'prabhat','pqcderg',1),(7,1,1,'knowwhere','pqcdeasdrg',2),(8,2,2,'PVR','ASDF',1),(9,3,2,'Parvati','cakcasycjbasc',3),(10,2,1,'Royal','cabhsbsc',2),(11,3,1,'sangram','BMW',3),(12,3,2,'uuu','uuu',0),(13,2,1,'sarsvati','cabhxsaxsbsc',2);
/*!40000 ALTER TABLE `theater` ENABLE KEYS */;
UNLOCK TABLES;

--
-- Table structure for table `theater_owner`
--

DROP TABLE IF EXISTS `theater_owner`;
/*!40101 SET @saved_cs_client     = @@character_set_client */;
/*!50503 SET character_set_client = utf8mb4 */;
CREATE TABLE `theater_owner` (
  `oid` int NOT NULL AUTO_INCREMENT,
  `uid` int NOT NULL,
  `name` varchar(35) NOT NULL,
  `address` varchar(45) NOT NULL,
  `gender` varchar(6) NOT NULL,
  `contact` varchar(15) NOT NULL,
  `mail` varchar(45) NOT NULL,
  `id_proof` varchar(45) CHARACTER SET armscii8 COLLATE armscii8_general_ci NOT NULL,
  PRIMARY KEY (`oid`),
  UNIQUE KEY `id_proof_UNIQUE` (`id_proof`),
  KEY `uid_idx` (`uid`),
  CONSTRAINT `uid1` FOREIGN KEY (`uid`) REFERENCES `login_table` (`uid`) ON UPDATE CASCADE
) ENGINE=InnoDB AUTO_INCREMENT=6 DEFAULT CHARSET=utf8mb3;
/*!40101 SET character_set_client = @saved_cs_client */;

--
-- Dumping data for table `theater_owner`
--

LOCK TABLES `theater_owner` WRITE;
/*!40000 ALTER TABLE `theater_owner` DISABLE KEYS */;
INSERT INTO `theater_owner` VALUES (1,5,'nitin patil','pune','male','7418529630','nitin@mail.com','1234 1235 1234 3126'),(2,8,'Vishakha mane','karad','female','8495625137','vishakha7755@mail.com','789 456 123 654'),(3,9,'dummy','dummy','dummy','dummy','dummy','dummy'),(4,11,'csacacsacac','scascascsac','male','56846156','vsdvds','svdsdv51'),(5,12,'csacacsacac','scascascsac','male','5684615cas6','vsdvsads','svdsdvcsac51');
/*!40000 ALTER TABLE `theater_owner` ENABLE KEYS */;
UNLOCK TABLES;

--
-- Table structure for table `time_slots`
--

DROP TABLE IF EXISTS `time_slots`;
/*!40101 SET @saved_cs_client     = @@character_set_client */;
/*!50503 SET character_set_client = utf8mb4 */;
CREATE TABLE `time_slots` (
  `slot_id` int NOT NULL,
  `start_time` varchar(20) NOT NULL,
  `end_time` varchar(20) NOT NULL,
  PRIMARY KEY (`slot_id`)
) ENGINE=InnoDB DEFAULT CHARSET=utf8mb3;
/*!40101 SET character_set_client = @saved_cs_client */;

--
-- Dumping data for table `time_slots`
--

LOCK TABLES `time_slots` WRITE;
/*!40000 ALTER TABLE `time_slots` DISABLE KEYS */;
INSERT INTO `time_slots` VALUES (1,'09:45:00','12:45:00'),(2,'13:00:00','16:00:00'),(3,'16:15:00','20:15:00'),(4,'20:30:00','23:30:00'),(5,'23:45:00','01:45:00');
/*!40000 ALTER TABLE `time_slots` ENABLE KEYS */;
UNLOCK TABLES;
/*!40103 SET TIME_ZONE=@OLD_TIME_ZONE */;

/*!40101 SET SQL_MODE=@OLD_SQL_MODE */;
/*!40014 SET FOREIGN_KEY_CHECKS=@OLD_FOREIGN_KEY_CHECKS */;
/*!40014 SET UNIQUE_CHECKS=@OLD_UNIQUE_CHECKS */;
/*!40101 SET CHARACTER_SET_CLIENT=@OLD_CHARACTER_SET_CLIENT */;
/*!40101 SET CHARACTER_SET_RESULTS=@OLD_CHARACTER_SET_RESULTS */;
/*!40101 SET COLLATION_CONNECTION=@OLD_COLLATION_CONNECTION */;
/*!40111 SET SQL_NOTES=@OLD_SQL_NOTES */;

-- Dump completed on 2022-09-24 20:03:03
